schemaVersion,recordType,startupName,employeeCount,officialWebsite,sourceName,sourceURL,collectedAt
1.0,STARTUP,Akon Labs,2,https://akonlabs.com,Y Combinator,https://www.ycombinator.com/companies/akon-labs,2026-09-06T03:17:49.568010Z
1.0,STARTUP,Allia Health,3,https://allia.health/,Y Combinator,https://www.ycombinator.com/companies/allia-health,2026-09-06T03:17:49.568072Z
1.0,STARTUP,antimattr,2,https://antimattr.one/,Y Combinator,https://www.ycombinator.com/companies/antimattr,2026-09-06T03:17:49.568096Z
1.0,STARTUP,10by10,5,https://10by10.io,Y Combinator,https://www.ycombinator.com/companies/10-by-10,2026-09-04T14:10:43.627968Z
1.0,STARTUP,1000Memories,2,http://ancestry.com,Y Combinator,https://www.ycombinator.com/companies/1000memories,2026-09-04T14:10:56.785325Z
1.0,STARTUP,100x,3,https://100x.bot?utm_source=inbound&utm_medium=bookface&utm_campaign=yc&utm_id=122,Y Combinator,https://www.ycombinator.com/companies/100x,2026-09-04T14:10:43.159260Z
1.0,STARTUP,1849 bio,3,https://www.1849.bio,Y Combinator,https://www.ycombinator.com/companies/1849-bio,2026-09-04T14:10:43.143022Z
1.0,STARTUP,1910,20,http://1910.ai,Y Combinator,https://www.ycombinator.com/companies/1910,2026-09-04T14:10:46.411459Z
1.0,STARTUP,1stCollab,,https://1stcollab.com/,Y Combinator,https://www.ycombinator.com/companies/1stcollab,2026-09-04T14:10:43.513426Z
1.0,STARTUP,222,23,https://222.place,Y Combinator,https://www.ycombinator.com/companies/222,2026-09-04T14:10:46.355727Z
1.0,STARTUP,280 North,11,http://280north.com,Y Combinator,https://www.ycombinator.com/companies/280-north,2026-09-04T14:10:43.549243Z
1.0,STARTUP,3dot,2,http://3dot.com,Y Combinator,https://www.ycombinator.com/companies/3dot,2026-09-04T14:10:50.592030Z
1.0,STARTUP,42,,https://42technologies.com,Y Combinator,https://www.ycombinator.com/companies/42,2026-09-04T14:10:43.624604Z
1.0,STARTUP,42Floors,60,http://42floors.com,Y Combinator,https://www.ycombinator.com/companies/42floors,2026-09-04T14:11:14.355654Z
1.0,STARTUP,500Friends,51,http://500friends.com,Y Combinator,https://www.ycombinator.com/companies/500friends,2026-09-04T14:11:21.306865Z
1.0,STARTUP,7 Cups,11,http://7cups.com,Y Combinator,https://www.ycombinator.com/companies/7cups,2026-09-04T14:11:09.498767Z
1.0,STARTUP,99dresses,2,http://99dresses.com,Y Combinator,https://www.ycombinator.com/companies/99dresses,2026-09-04T14:10:56.275968Z
1.0,STARTUP,9gag,36,http://9gag.com,Y Combinator,https://www.ycombinator.com/companies/9gag,2026-09-04T14:11:36.837443Z
1.0,STARTUP,A Thinking Ape,75,http://athinkingape.com,Y Combinator,https://www.ycombinator.com/companies/a-thinking-ape,2026-09-04T14:11:28.175196Z
1.0,STARTUP,Aalo,1,http://www.aalo.co,Y Combinator,https://www.ycombinator.com/companies/aalo,2026-09-04T14:11:31.205650Z
1.0,STARTUP,Abacus,30,http://abacus.com,Y Combinator,https://www.ycombinator.com/companies/abacus,2026-09-04T14:11:43.147312Z
1.0,STARTUP,Abalone Bio,14,https://www.abalonebio.com,Y Combinator,https://www.ycombinator.com/companies/abalone-bio,2026-09-04T14:11:55.025796Z
1.0,STARTUP,Abel Police,5,http://abelpolice.com,Y Combinator,https://www.ycombinator.com/companies/abel-police,2026-09-04T14:11:49.143235Z
1.0,STARTUP,Abhi,10,https://abhi.com.pk/,Y Combinator,https://www.ycombinator.com/companies/abhi,2026-09-04T14:12:31.418571Z
1.0,STARTUP,Able,50,https://ablejobs.co/,Y Combinator,https://www.ycombinator.com/companies/able,2026-09-04T14:12:01.339023Z
1.0,STARTUP,Able Health,11,http://ablehealth.com,Y Combinator,https://www.ycombinator.com/companies/able-health,2026-09-04T14:12:07.763110Z
1.0,STARTUP,Absurd,6,https://absurd.com/,Y Combinator,https://www.ycombinator.com/companies/absurd,2026-09-04T14:12:39.097651Z
1.0,STARTUP,Abundance Labs,12,http://abundancelabs.io,Y Combinator,https://www.ycombinator.com/companies/abundance-labs,2026-09-04T14:12:12.984830Z
1.0,STARTUP,Abundant,7,https://www.abundant.ai/,Y Combinator,https://www.ycombinator.com/companies/abundant,2026-09-04T14:12:57.889920Z
1.0,STARTUP,Accend,18,https://www.withaccend.com/,Y Combinator,https://www.ycombinator.com/companies/accend,2026-09-04T14:13:12.480645Z
1.0,STARTUP,Accept.inc,80,http://www.accept.inc,Y Combinator,https://www.ycombinator.com/companies/accept-inc,2026-09-04T14:12:16.364775Z
1.0,STARTUP,AccioJob,250,https://acciojob.com,Y Combinator,https://www.ycombinator.com/companies/acciojob,2026-09-04T14:12:23.980168Z
1.0,STARTUP,Accord,20,https://inaccord.com,Y Combinator,https://www.ycombinator.com/companies/accord,2026-09-04T14:12:48.771934Z
1.0,STARTUP,Acely,30,https://acely.com,Y Combinator,https://www.ycombinator.com/companies/acely,2026-09-04T14:13:43.225294Z
1.0,STARTUP,Actiondesk,4,https://www.actiondesk.io/,Y Combinator,https://www.ycombinator.com/companies/actiondesk,2026-09-04T14:13:21.796295Z
1.0,STARTUP,Acunote,,http://acunote.com,Y Combinator,https://www.ycombinator.com/companies/acunote,2026-09-04T14:13:19.747865Z
1.0,STARTUP,Adaptional,,https://www.adaptional.com/,Y Combinator,https://www.ycombinator.com/companies/adaptional,2026-09-04T14:14:00.022911Z
1.0,STARTUP,Adaptyv,25,https://www.adaptyvbio.com/,Y Combinator,https://www.ycombinator.com/companies/adaptyv,2026-09-04T14:13:49.296827Z
1.0,STARTUP,Aden,5,https://adenhq.com/,Y Combinator,https://www.ycombinator.com/companies/aden,2026-09-04T14:13:26.715867Z
1.0,STARTUP,AdGrok,2,http://adgrok.com,Y Combinator,https://www.ycombinator.com/companies/adgrok,2026-09-04T14:13:38.120155Z
1.0,STARTUP,Adla,3,http://tryadla.com,Y Combinator,https://www.ycombinator.com/companies/adla,2026-09-04T14:13:54.007204Z
1.0,STARTUP,AdThrow,,http://adthrow.com,Y Combinator,https://www.ycombinator.com/companies/adthrow,2026-09-04T14:14:12.158282Z
1.0,STARTUP,Advanced Metal Research,3,https://advancedmetalresearch.com/,Y Combinator,https://www.ycombinator.com/companies/advanced-metal-research,2026-09-04T14:14:29.083576Z
1.0,STARTUP,Advano,25,http://www.advano.io,Y Combinator,https://www.ycombinator.com/companies/advano,2026-09-04T14:14:17.244771Z
1.0,STARTUP,Advantage Club,220,https://www.advantageclub.co,Y Combinator,https://www.ycombinator.com/companies/advantage-club,2026-09-04T14:14:04.889272Z
1.0,STARTUP,Adventurous Co,2,http://adventurous.co,Y Combinator,https://www.ycombinator.com/companies/adventurous-co,2026-09-04T14:14:33.274920Z
1.0,STARTUP,adyn,7,https://adyn.com,Y Combinator,https://www.ycombinator.com/companies/adyn,2026-09-04T14:14:48.429323Z
1.0,STARTUP,Aella,60,http://www.aellaapp.com,Y Combinator,https://www.ycombinator.com/companies/aella,2026-09-04T14:14:23.854529Z
1.0,STARTUP,Aer,18,https://www.aercompliance.com/,Y Combinator,https://www.ycombinator.com/companies/aer,2026-09-04T14:14:42.845378Z
1.0,STARTUP,AeroFS,40,http://aerofs.com,Y Combinator,https://www.ycombinator.com/companies/aerofs,2026-09-04T14:15:06.451728Z
1.0,STARTUP,Aerones,250,http://www.aerones.com,Y Combinator,https://www.ycombinator.com/companies/aerones,2026-09-04T14:14:38.806513Z
1.0,STARTUP,Aerotime,6,https://www.aerotime.com,Y Combinator,https://www.ycombinator.com/companies/aerotime,2026-09-04T14:14:55.226801Z
1.0,STARTUP,Aesthetic,4,https://www.aesthetic.com,Y Combinator,https://www.ycombinator.com/companies/aesthetic,2026-09-04T14:14:59.973338Z
1.0,STARTUP,Afriex,55,https://www.afriexapp.com,Y Combinator,https://www.ycombinator.com/companies/afriex,2026-09-04T14:15:12.218088Z
1.0,STARTUP,Afrostream,11,http://afrostream.tv,Y Combinator,https://www.ycombinator.com/companies/afrostream,2026-09-04T14:15:25.601967Z
1.0,STARTUP,Aftercare,3,https://getaftercare.com,Y Combinator,https://www.ycombinator.com/companies/aftercare,2026-09-04T14:15:34.163907Z
1.0,STARTUP,Afternoon.co,4,https://afternoon.co,Y Combinator,https://www.ycombinator.com/companies/afternoon-co,2026-09-04T14:15:43.316884Z
1.0,STARTUP,AfterQuery,30,https://afterquery.com,Y Combinator,https://www.ycombinator.com/companies/afterquery,2026-09-04T14:15:58.062905Z
1.0,STARTUP,Agapé,6,https://www.getdailyagape.com,Y Combinator,https://www.ycombinator.com/companies/agape,2026-09-04T14:15:18.490310Z
1.0,STARTUP,Agency,50,https://GetAgency.com,Y Combinator,https://www.ycombinator.com/companies/agency,2026-09-04T14:16:15.915982Z
1.0,STARTUP,AgendaPro,50,https://www.agendapro.com,Y Combinator,https://www.ycombinator.com/companies/agendapro,2026-09-04T14:16:23.926797Z
1.0,STARTUP,Agentic Labs,2,https://agenticlabs.com,Y Combinator,https://www.ycombinator.com/companies/agentic-labs-2,2026-09-04T14:16:06.549016Z
1.0,STARTUP,Agentin AI,2,https://www.agentin.ai,Y Combinator,https://www.ycombinator.com/companies/agentin-ai,2026-09-04T14:16:40.908541Z
1.0,STARTUP,Agentnoon,16,https://agentnoon.com,Y Combinator,https://www.ycombinator.com/companies/agentnoon,2026-09-04T14:16:49.672832Z
1.0,STARTUP,AgileMD,19,https://agilemd.com,Y Combinator,https://www.ycombinator.com/companies/agilemd,2026-09-04T14:16:31.344359Z
1.0,STARTUP,Ahazou,27,https://ahazou.com,Y Combinator,https://www.ycombinator.com/companies/ahazou,2026-09-04T14:17:02.575121Z
1.0,STARTUP,AI.Fashion,11,https://www.ai.fashion,Y Combinator,https://www.ycombinator.com/companies/ai-fashion,2026-09-04T14:16:56.329194Z
1.0,STARTUP,AI Insurance,16,https://www.aiinsurance.io,Y Combinator,https://www.ycombinator.com/companies/ai-insurance,2026-09-04T14:17:13.700869Z
1.0,STARTUP,AI Tech Packs,2,https://aitechpacks.com,Y Combinator,https://www.ycombinator.com/companies/ai-tech-packs,2026-09-04T14:17:08.206103Z
1.0,STARTUP,Airfordable,7,http://www.airfordable.com,Y Combinator,https://www.ycombinator.com/companies/airfordable,2026-09-04T14:17:20.192334Z
1.0,STARTUP,Airmada,2,http://www.airmada.com,Y Combinator,https://www.ycombinator.com/companies/airmada,2026-09-04T14:17:26.706408Z
1.0,STARTUP,AirMyne,11,http://www.airmyne.com,Y Combinator,https://www.ycombinator.com/companies/airmyne,2026-09-04T14:17:33.021523Z
1.0,STARTUP,Airo Health,2,http://www.airohealth.com,Y Combinator,https://www.ycombinator.com/companies/airo-health,2026-09-04T14:17:37.802367Z
1.0,STARTUP,AirPair,2,http://airpair.com,Y Combinator,https://www.ycombinator.com/companies/airpair,2026-09-04T14:17:43.355225Z
1.0,STARTUP,Airshared,,http://getcycle.com,Y Combinator,https://www.ycombinator.com/companies/airshared,2026-09-04T14:17:50.093004Z
1.0,STARTUP,Airthium,18,http://www.airthium.com,Y Combinator,https://www.ycombinator.com/companies/airthium,2026-09-04T14:18:05.003393Z
1.0,STARTUP,Airware,51,http://airware.com,Y Combinator,https://www.ycombinator.com/companies/airware,2026-09-04T14:17:57.359286Z
1.0,STARTUP,AiSDR,5,https://aisdr.com/,Y Combinator,https://www.ycombinator.com/companies/aisdr,2026-09-04T14:18:59.113265Z
1.0,STARTUP,Aisle50,11,http://aisle50.com,Y Combinator,https://www.ycombinator.com/companies/aisle50,2026-09-04T14:18:10.057701Z
1.0,STARTUP,AiSupervision,13,https://www.aisupervision.com,Y Combinator,https://www.ycombinator.com/companies/aisupervision,2026-09-04T14:18:35.862850Z
1.0,STARTUP,AIVideo.com,12,https://aivideo.com,Y Combinator,https://www.ycombinator.com/companies/aivideo-com,2026-09-04T14:18:29.103619Z
1.0,STARTUP,Ajaib,300,https://www.ajaib.co.id/,Y Combinator,https://www.ycombinator.com/companies/ajaib,2026-09-04T14:18:21.520949Z
1.0,STARTUP,Akido Labs,1000,http://akidolabs.com,Y Combinator,https://www.ycombinator.com/companies/akido-labs,2026-09-04T14:18:15.992011Z
1.0,STARTUP,Akiflow,18,https://akiflow.com,Y Combinator,https://www.ycombinator.com/companies/akiflow,2026-09-04T14:18:45.590089Z
1.0,STARTUP,Aklimate,3,https://www.getaklimate.com/,Y Combinator,https://www.ycombinator.com/companies/aklimate,2026-09-04T14:19:52.340497Z
1.0,STARTUP,Akute Health,4,https://www.akutehealth.com,Y Combinator,https://www.ycombinator.com/companies/akute-health,2026-09-04T14:19:20.862655Z
1.0,STARTUP,Alai,5,https://getalai.com,Y Combinator,https://www.ycombinator.com/companies/alai,2026-09-04T14:19:05.911523Z
1.0,STARTUP,Alanda,14,https://www.alana.jobs,Y Combinator,https://www.ycombinator.com/companies/alana,2026-09-04T14:19:15.492832Z
1.0,STARTUP,Alba Orbital,10,https://www.albaorbital.com,Y Combinator,https://www.ycombinator.com/companies/alba-orbital,2026-09-04T14:19:09.986095Z
1.0,STARTUP,Alchemize,2,https://tryalchemize.com,Y Combinator,https://www.ycombinator.com/companies/alchemize,2026-09-04T14:19:27.157345Z
1.0,STARTUP,Alchemy,25,http://www.alchemynano.com,Y Combinator,https://www.ycombinator.com/companies/alchemy,2026-09-04T14:19:34.235575Z
1.0,STARTUP,AlemHealth,25,https://www.alemhealth.com,Y Combinator,https://www.ycombinator.com/companies/alemhealth,2026-09-04T14:19:40.171421Z
1.0,STARTUP,Aleph,30,https://getaleph.com/,Y Combinator,https://www.ycombinator.com/companies/aleph,2026-09-04T14:19:46.063951Z
1.0,STARTUP,Alfie,6,http://www.joinalfie.com,Y Combinator,https://www.ycombinator.com/companies/alfie,2026-09-04T14:20:21.832391Z
1.0,STARTUP,Algen Biotechnologies,15,https://www.algenbio.com/,Y Combinator,https://www.ycombinator.com/companies/algen-biotechnologies,2026-09-04T14:20:03.771308Z
1.0,STARTUP,Algofi,7,https://algofi.org,Y Combinator,https://www.ycombinator.com/companies/algofi,2026-09-04T14:20:08.793533Z
1.0,STARTUP,Algoriz,4,http://www.algoriz.com,Y Combinator,https://www.ycombinator.com/companies/algoriz,2026-09-04T14:19:56.994906Z
1.0,STARTUP,AlgoSurg Inc,8,http://www.algosurg.com,Y Combinator,https://www.ycombinator.com/companies/algosurg-inc,2026-09-04T14:20:14.426098Z
1.0,STARTUP,AlgoViral,5,https://algoviral.com,Y Combinator,https://www.ycombinator.com/companies/algoviral,2026-09-04T14:20:29.118831Z
1.0,STARTUP,Alinea,12,https://alinea-invest.com/,Y Combinator,https://www.ycombinator.com/companies/alinea,2026-09-04T14:20:51.266659Z
1.0,STARTUP,Alixia,2,http://www.alixia.com,Y Combinator,https://www.ycombinator.com/companies/alixia,2026-09-04T14:20:34.852600Z
1.0,STARTUP,Alkali,2,https://alkali.engineering,Y Combinator,https://www.ycombinator.com/companies/alkali,2026-09-04T14:21:25.463503Z
1.0,STARTUP,All Screen,11,http://140fire.com,Y Combinator,https://www.ycombinator.com/companies/all-screen,2026-09-04T14:20:39.986414Z
1.0,STARTUP,Allo,2,https://www.allocommunity.com/,Y Combinator,https://www.ycombinator.com/companies/allo,2026-09-04T14:20:57.622534Z
1.0,STARTUP,Allotrope Medical,2,http://www.allotropemed.com,Y Combinator,https://www.ycombinator.com/companies/allotrope-medical,2026-09-04T14:20:45.111470Z
1.0,STARTUP,Allowance,1,https://useallowance.com/,Y Combinator,https://www.ycombinator.com/companies/allowance,2026-09-04T14:21:34.320216Z
1.0,STARTUP,Alloy,5,https://alloy.app/website-cloner,Y Combinator,https://www.ycombinator.com/companies/alloy,2026-09-04T14:21:59.672839Z
1.0,STARTUP,AllSome Fulfillment,18,https://www.allsome.com,Y Combinator,https://www.ycombinator.com/companies/allsome-fulfillment,2026-09-04T14:21:03.421373Z
1.0,STARTUP,Alltruists,1,http://www.alltruists.com,Y Combinator,https://www.ycombinator.com/companies/alltruists,2026-09-04T14:21:16.117460Z
1.0,STARTUP,Allure Systems,18,http://www.alluresystems.com/,Y Combinator,https://www.ycombinator.com/companies/allure-systems,2026-09-04T14:21:08.335672Z
1.0,STARTUP,21st,3,https://21st.dev,Y Combinator,https://www.ycombinator.com/companies/21st,2026-09-04T14:33:22.834000Z
1.0,STARTUP,20n,2,http://20n.com,Y Combinator,https://www.ycombinator.com/companies/20n,2026-09-04T14:33:23.820691Z
1.0,STARTUP,54Gene,47,http://www.54gene.com,Y Combinator,https://www.ycombinator.com/companies/54gene,2026-09-04T14:33:24.903113Z
1.0,STARTUP,83 Sciences,,https://83sciences.ai,Y Combinator,https://www.ycombinator.com/companies/83-sciences,2026-09-04T14:33:25.850018Z
1.0,STARTUP,64x Bio,25,http://www.64xbio.com,Y Combinator,https://www.ycombinator.com/companies/64x-bio,2026-09-04T14:33:26.855023Z
1.0,STARTUP,9 Mothers,19,https://9mothers.com,Y Combinator,https://www.ycombinator.com/companies/9-mothers-corporation,2026-09-04T14:33:27.722001Z
1.0,STARTUP,10x,2,https://www.10xdental.com/,Y Combinator,https://www.ycombinator.com/companies/10x,2026-09-04T14:33:28.696569Z
1.0,STARTUP,6thSense,4,https://6thsense.dev,Y Combinator,https://www.ycombinator.com/companies/6thsense,2026-09-04T14:33:35.656143Z
1.0,STARTUP,10x Science,,https://10xscience.com,Y Combinator,https://www.ycombinator.com/companies/10x-science,2026-09-04T14:33:50.030146Z
1.0,STARTUP,Abacum,125,https://www.abacum.ai/,Y Combinator,https://www.ycombinator.com/companies/abacum,2026-09-04T14:34:00.879640Z
1.0,STARTUP,Abstra,18,https://abstra.io,Y Combinator,https://www.ycombinator.com/companies/abstra,2026-09-04T14:34:10.784143Z
1.0,STARTUP,99minutos,,https://99minutos.com,Y Combinator,https://www.ycombinator.com/companies/99minutos,2026-09-04T14:34:21.024384Z
1.0,STARTUP,Abatable,35,https://www.abatable.com,Y Combinator,https://www.ycombinator.com/companies/abatable,2026-09-04T14:34:28.865984Z
1.0,STARTUP,AccessOwl,15,https://www.accessowl.io/,Y Combinator,https://www.ycombinator.com/companies/accessowl,2026-09-04T14:34:40.891296Z
1.0,STARTUP,Abel,2,https://www.tryabel.com,Y Combinator,https://www.ycombinator.com/companies/abel,2026-09-04T14:34:48.811543Z
1.0,STARTUP,A1Zap by A1Base,2,https://www.a1zap.com/,Y Combinator,https://www.ycombinator.com/companies/a1zap-by-a1base,2026-09-04T14:34:55.838563Z
1.0,STARTUP,AbInitio Bio,2,https://www.abinitio-bio.com,Y Combinator,https://www.ycombinator.com/companies/abinitio-bio,2026-09-04T14:35:07.202683Z
1.0,STARTUP,Abbot,5,https://ab.bot,Y Combinator,https://www.ycombinator.com/companies/abbot,2026-09-04T14:35:12.219285Z
1.0,STARTUP,a0.dev,3,https://a0.dev,Y Combinator,https://www.ycombinator.com/companies/a0-dev,2026-09-04T14:35:22.155591Z
1.0,STARTUP,Activepieces,10,https://www.activepieces.com,Y Combinator,https://www.ycombinator.com/companies/activepieces,2026-09-04T14:35:31.062447Z
1.0,STARTUP,Ad Army,,https://ad.army/,Y Combinator,https://www.ycombinator.com/companies/ad-army,2026-09-04T14:35:47.159879Z
1.0,STARTUP,Adam,4,https://adam.new/,Y Combinator,https://www.ycombinator.com/companies/adam,2026-09-04T14:36:08.334037Z
1.0,STARTUP,Acrely,6,https://www.acrely.ai,Y Combinator,https://www.ycombinator.com/companies/acrely,2026-09-04T14:36:16.097150Z
1.0,STARTUP,Acolite,3,https://acolite.ai,Y Combinator,https://www.ycombinator.com/companies/acolite,2026-09-04T14:36:25.955103Z
1.0,STARTUP,Actipulse Neuroscience,38,http://www.actipulseneuroscience.com,Y Combinator,https://www.ycombinator.com/companies/actipulse-neuroscience,2026-09-04T14:36:32.909365Z
1.0,STARTUP,Adapted,2,https://adapted.app,Y Combinator,https://www.ycombinator.com/companies/adapted,2026-09-04T14:36:39.200137Z
1.0,STARTUP,ACX,,https://www.acxtherapeutics.com/,Y Combinator,https://www.ycombinator.com/companies/acx,2026-09-04T14:36:49.136672Z
1.0,STARTUP,Adravision,8,https://www.adra.ai,Y Combinator,https://www.ycombinator.com/companies/adravision,2026-09-04T14:36:57.655712Z
1.0,STARTUP,Aemon,,https://aemon.ai/,Y Combinator,https://www.ycombinator.com/companies/aemon,2026-09-04T14:37:08.581010Z
1.0,STARTUP,Adni,5,https://www.adni.co/,Y Combinator,https://www.ycombinator.com/companies/adni,2026-09-04T14:37:16.638425Z
1.0,STARTUP,Aerogen Systems,,https://www.aerogensystems.com/,Y Combinator,https://www.ycombinator.com/companies/aerogen-systems,2026-09-04T14:37:26.571494Z
1.0,STARTUP,Aedilic,,https://www.nonescape.com,Y Combinator,https://www.ycombinator.com/companies/aedilic,2026-09-04T14:37:37.628460Z
1.0,STARTUP,Adentris,,https://www.adentris.com,Y Combinator,https://www.ycombinator.com/companies/adentris,2026-09-04T14:37:49.711037Z
1.0,STARTUP,Adventris Pharmaceuticals,7,https://adventris.com,Y Combinator,https://www.ycombinator.com/companies/adventris-pharmaceuticals,2026-09-04T14:37:59.851064Z
1.0,STARTUP,Adri AI,3,https://atrilabs.com/,Y Combinator,https://www.ycombinator.com/companies/adri-ai,2026-09-04T14:38:09.892524Z
1.0,STARTUP,Adialante,4,http://www.adialante.com,Y Combinator,https://www.ycombinator.com/companies/adialante,2026-09-04T14:38:20.877752Z
1.0,STARTUP,Aegis,,https://aegishealth.us/,Y Combinator,https://www.ycombinator.com/companies/aegis,2026-09-04T14:38:32.171234Z
1.0,STARTUP,AgentCollect,,https://www.agentcollect.com,Y Combinator,https://www.ycombinator.com/companies/agentcollect,2026-09-04T14:38:43.984318Z
1.0,STARTUP,Affil.ai,4,https://affil.ai/,Y Combinator,https://www.ycombinator.com/companies/affil-ai,2026-09-04T14:39:04.193747Z
1.0,STARTUP,Affinity,,https://itsaffinity.com,Y Combinator,https://www.ycombinator.com/companies/affinity,2026-09-04T14:39:14.193670Z
1.0,STARTUP,Agentic Fabriq,2,https://www.agenticfabriq.com,Y Combinator,https://www.ycombinator.com/companies/agentic-fabriq,2026-09-04T14:39:25.151019Z
1.0,STARTUP,Agave,40,https://www.useagave.com,Y Combinator,https://www.ycombinator.com/companies/agave,2026-09-04T14:39:34.927355Z
1.0,STARTUP,Agency Tool Company,,https://agencytool.com,Y Combinator,https://www.ycombinator.com/companies/agency-tool-company,2026-09-04T14:39:45.834005Z
1.0,STARTUP,AesculaTech,6,https://www.aesculatech.com/,Y Combinator,https://www.ycombinator.com/companies/aesculatech,2026-09-04T14:39:52.900006Z
1.0,STARTUP,Agent FM,2,https://www.agentfm.ai/,Y Combinator,https://www.ycombinator.com/companies/agent-fm,2026-09-04T14:40:02.832331Z
1.0,STARTUP,Agentcard,,https://agentcard.sh,Y Combinator,https://www.ycombinator.com/companies/agentcard,2026-09-04T14:40:11.612634Z
1.0,STARTUP,AIOS,100,https://www.aiosmedical.com/,Y Combinator,https://www.ycombinator.com/companies/aios,2026-09-04T14:40:21.370341Z
1.0,STARTUP,&AI,7,https://www.tryandai.com/,Y Combinator,https://www.ycombinator.com/companies/ai-2,2026-09-04T14:40:32.326467Z
1.0,STARTUP,AgentPhone,2,https://agentphone.ai/,Y Combinator,https://www.ycombinator.com/companies/agentphone,2026-09-04T14:40:41.234422Z
1.0,STARTUP,Agnost AI,,https://agnost.ai,Y Combinator,https://www.ycombinator.com/companies/agnost-ai,2026-09-04T14:40:53.165682Z
1.0,STARTUP,Aglide,,https://aglide.com,Y Combinator,https://www.ycombinator.com/companies/aglide,2026-09-04T14:41:03.854847Z
1.0,STARTUP,AICE,2,https://aicepower.com,Y Combinator,https://www.ycombinator.com/companies/aice,2026-09-04T14:41:10.726577Z
1.0,STARTUP,COACH,,https://www.getcoach.com/,Y Combinator,https://www.ycombinator.com/companies/ai-coach,2026-09-04T14:41:22.681754Z
1.0,STARTUP,AgentMail,10,https://agentmail.to,Y Combinator,https://www.ycombinator.com/companies/agentmail,2026-09-04T14:41:32.640713Z
1.0,STARTUP,Aidy,,https://www.aidyhq.com/,Y Combinator,https://www.ycombinator.com/companies/aidy,2026-09-04T14:41:42.573649Z
1.0,STARTUP,AiPrise,,https://aiprise.com/,Y Combinator,https://www.ycombinator.com/companies/aiprise,2026-09-04T14:41:53.344315Z
1.0,STARTUP,Airweave,7,https://airweave.ai,Y Combinator,https://www.ycombinator.com/companies/airweave,2026-09-04T14:42:03.958399Z
1.0,STARTUP,Airbyte,90,https://airbyte.com/,Y Combinator,https://www.ycombinator.com/companies/airbyte,2026-09-04T14:42:12.780807Z
1.0,STARTUP,Airtrain AI,5,https://airtrain.ai,Y Combinator,https://www.ycombinator.com/companies/airtrain-ai,2026-09-04T14:42:21.791714Z
1.0,STARTUP,AirCaps,,https://aircaps.com,Y Combinator,https://www.ycombinator.com/companies/aircaps,2026-09-04T14:42:33.872498Z
1.0,STARTUP,AirHelp,350,http://www.airhelp.com,Y Combinator,https://www.ycombinator.com/companies/airhelp,2026-09-04T14:42:41.759592Z
1.0,STARTUP,Airgoods,10,https://airgoods.com/,Y Combinator,https://www.ycombinator.com/companies/airgoods,2026-09-04T14:43:08.690111Z
1.0,STARTUP,AlgoUniversity,40,http://algouniversity.com/,Y Combinator,https://www.ycombinator.com/companies/algouniversity,2026-09-04T14:49:14.585469Z
1.0,STARTUP,Alpha Research,1,https://youtu.be/1dwgU3zQz3k,Y Combinator,https://www.ycombinator.com/companies/alpha-research,2026-09-04T15:02:57.613307Z
1.0,STARTUP,ALT TEX,10,https://thealttex.com/,Y Combinator,https://www.ycombinator.com/companies/alt-tex,2026-09-06T03:17:51.045150Z
1.0,STARTUP,Alpaca,150,https://alpaca.markets/,Y Combinator,https://www.ycombinator.com/companies/alpaca,2026-09-06T03:17:51.122191Z
1.0,STARTUP,Alt-X,2,https://alt-x.co,Y Combinator,https://www.ycombinator.com/companies/alt-x,2026-09-06T03:17:51.196092Z
1.0,STARTUP,Altay Therapeutics,6,http://www.altaytherapeutics.com,Y Combinator,https://www.ycombinator.com/companies/altay-therapeutics,2026-09-06T03:17:51.223844Z
1.0,STARTUP,Alter,2,https://alterauth.com,Y Combinator,https://www.ycombinator.com/companies/alter,2026-09-06T03:17:51.250742Z
1.0,STARTUP,Almanac,,https://usealmanac.com,Y Combinator,https://www.ycombinator.com/companies/almanac,2026-09-06T03:17:51.278829Z
1.0,STARTUP,Alphawatch AI,8,https://alphawatch.ai,Y Combinator,https://www.ycombinator.com/companies/alphawatch-ai,2026-09-06T03:17:51.307256Z
1.0,STARTUP,Alpha Vantage,8,https://www.alphavantage.co/,Y Combinator,https://www.ycombinator.com/companies/alpha-vantage,2026-09-06T03:17:51.418495Z
1.0,STARTUP,Almond,8,https://www.almondobgyn.com/,Y Combinator,https://www.ycombinator.com/companies/almond,2026-09-06T03:17:51.460638Z
1.0,STARTUP,AlphaFlow,26,http://www.alphaflow.com,Y Combinator,https://www.ycombinator.com/companies/alphaflow,2026-09-06T03:17:51.484295Z
1.0,STARTUP,Alterya,30,https://www.alterya.dev/,Y Combinator,https://www.ycombinator.com/companies/alterya,2026-09-06T03:17:51.565176Z
1.0,STARTUP,Aluna,3,https://alunadata.com,Y Combinator,https://www.ycombinator.com/companies/aluna,2026-09-06T03:17:51.660751Z
1.0,STARTUP,Altro,29,https://altro.io,Y Combinator,https://www.ycombinator.com/companies/altro,2026-09-06T03:17:51.751384Z
1.0,STARTUP,Alude,8,https://www.alude.com.br/,Y Combinator,https://www.ycombinator.com/companies/alude,2026-09-06T03:17:51.797281Z
1.0,STARTUP,Altur,5,https://altur.io,Y Combinator,https://www.ycombinator.com/companies/altur,2026-09-06T03:17:51.837574Z
1.0,STARTUP,Altrina,4,https://altrina.com,Y Combinator,https://www.ycombinator.com/companies/altrina,2026-09-06T03:17:51.906999Z
1.0,STARTUP,AmberBox Gunshot Detection,,https://amberbox.com,Y Combinator,https://www.ycombinator.com/companies/amberbox-gunshot-detection,2026-09-06T03:17:51.956826Z
1.0,STARTUP,Ambition,55,https://ambition.com,Y Combinator,https://www.ycombinator.com/companies/ambition,2026-09-06T03:17:52.018678Z
1.0,STARTUP,Amal Invest,3,https://amalinvest.com,Y Combinator,https://www.ycombinator.com/companies/amal-invest,2026-09-06T03:17:52.052420Z
1.0,STARTUP,Ambient.ai,150,https://ambient.ai,Y Combinator,https://www.ycombinator.com/companies/ambient-ai,2026-09-06T03:17:52.098873Z
1.0,STARTUP,Amboras,3,https://amboras.com,Y Combinator,https://www.ycombinator.com/companies/amboras,2026-09-06T03:17:52.144464Z
1.0,STARTUP,Ambral,4,https://www.ambral.com/,Y Combinator,https://www.ycombinator.com/companies/ambral,2026-09-06T03:17:52.268122Z
1.0,STARTUP,Amby Health,2,https://tryamby.com,Y Combinator,https://www.ycombinator.com/companies/amby-health,2026-09-06T03:17:52.317193Z
1.0,STARTUP,Amenli,65,https://www.amenli.com/,Y Combinator,https://www.ycombinator.com/companies/amenli,2026-09-06T03:17:52.381137Z
1.0,STARTUP,Amera,12,https://amerahealthsolutions.com/,Y Combinator,https://www.ycombinator.com/companies/amera,2026-09-06T03:17:52.420176Z
1.0,STARTUP,Amika,2,https://www.amika.dev/,Y Combinator,https://www.ycombinator.com/companies/amika,2026-09-06T03:17:52.456308Z
1.0,STARTUP,Amiato,2,http://noudata.com,Y Combinator,https://www.ycombinator.com/companies/amiato,2026-09-06T03:17:52.479494Z
1.0,STARTUP,Amplitude,750,https://amplitude.com,Y Combinator,https://www.ycombinator.com/companies/amplitude,2026-09-06T03:17:52.583511Z
1.0,STARTUP,Amorphic Labs,2,https://www.agentmuxer.com,Y Combinator,https://www.ycombinator.com/companies/amorphic-labs,2026-09-06T03:17:52.630537Z
1.0,STARTUP,AminoAnalytica,3,https://www.aminoanalytica.com,Y Combinator,https://www.ycombinator.com/companies/aminoanalytica,2026-09-06T03:17:52.696880Z
1.0,STARTUP,AmpUp,45,https://ampup.io,Y Combinator,https://www.ycombinator.com/companies/ampup,2026-09-06T03:17:52.733303Z
1.0,STARTUP,Amulyte,2,http://amulyte.com,Y Combinator,https://www.ycombinator.com/companies/amulyte,2026-09-06T03:17:52.818389Z
1.0,STARTUP,Anakin,70,https://anakin.io,Y Combinator,https://www.ycombinator.com/companies/anakin,2026-09-06T03:17:52.861801Z
1.0,STARTUP,Anana,2,https://getanana.com,Y Combinator,https://www.ycombinator.com/companies/anana,2026-09-06T03:17:52.938357Z
1.0,STARTUP,Ananya Health,8,https://www.ananya.health/,Y Combinator,https://www.ycombinator.com/companies/ananya-health,2026-09-06T03:17:52.984498Z
1.0,STARTUP,Anasen,15,http://www.anasen.com,Y Combinator,https://www.ycombinator.com/companies/anasen,2026-09-06T03:17:53.029990Z
1.0,STARTUP,Anara,5,https://anara.com,Y Combinator,https://www.ycombinator.com/companies/anara,2026-09-06T03:17:53.079631Z
1.0,STARTUP,Ancana,12,https://ancanaliving.com/,Y Combinator,https://www.ycombinator.com/companies/ancana,2026-09-06T03:17:53.197941Z
1.0,STARTUP,Anchor,8,https://getanchor.co/,Y Combinator,https://www.ycombinator.com/companies/anchor,2026-09-06T03:17:53.260501Z
1.0,STARTUP,Anchor Health,2,http://anchorhealth.com,Y Combinator,https://www.ycombinator.com/companies/anchor-health,2026-09-06T03:17:53.296060Z
1.0,STARTUP,Anchorhead,1,https://buildwithglue.com,Y Combinator,https://www.ycombinator.com/companies/anchorhead,2026-09-06T03:17:53.330158Z
1.0,STARTUP,And Comfort,2,http://andcomfort.com,Y Combinator,https://www.ycombinator.com/companies/and-comfort,2026-09-06T03:17:53.361103Z
1.0,STARTUP,Andco,3,http://www.useandco.com,Y Combinator,https://www.ycombinator.com/companies/andco,2026-09-06T03:17:53.488298Z
1.0,STARTUP,Andson Biotech,4,http://www.andsonbiotech.com,Y Combinator,https://www.ycombinator.com/companies/andson-biotech,2026-09-06T03:17:53.591782Z
1.0,STARTUP,Andon Labs,11,https://andonlabs.com/,Y Combinator,https://www.ycombinator.com/companies/andon-labs,2026-09-06T03:17:53.681067Z
1.0,STARTUP,Andromeda Surgical,12,http://www.andromedasurgical.com,Y Combinator,https://www.ycombinator.com/companies/andromeda-surgical,2026-09-06T03:17:53.753459Z
1.0,STARTUP,Andi,2,https://AndiAI.com,Y Combinator,https://www.ycombinator.com/companies/andi,2026-09-06T03:17:53.792881Z
1.0,STARTUP,Andustry,2,http://andustry.com/,Y Combinator,https://www.ycombinator.com/companies/andustry,2026-09-06T03:17:53.893325Z
1.0,STARTUP,Andy AI,5,https://with-andy.com,Y Combinator,https://www.ycombinator.com/companies/andy-ai,2026-09-06T03:17:53.927712Z
1.0,STARTUP,Anfin,40,https://anfin.vn/,Y Combinator,https://www.ycombinator.com/companies/anfin,2026-09-06T03:17:54.131015Z
1.0,STARTUP,Anjuna,55,https://www.anjuna.io,Y Combinator,https://www.ycombinator.com/companies/anjuna,2026-09-06T03:17:54.649732Z
1.0,STARTUP,Anglera,6,https://www.anglera.com/,Y Combinator,https://www.ycombinator.com/companies/anglera,2026-09-06T03:17:54.712054Z
1.0,STARTUP,Anja Health,2,https://anjahealth.com,Y Combinator,https://www.ycombinator.com/companies/anja-health,2026-09-06T03:17:54.779844Z
1.0,STARTUP,Anima App,20,https://www.animaapp.com,Y Combinator,https://www.ycombinator.com/companies/anima-app,2026-09-06T03:17:54.830946Z
1.0,STARTUP,Anima,20,http://www.animahealth.com,Y Combinator,https://www.ycombinator.com/companies/anima,2026-09-06T03:17:54.865886Z
1.0,STARTUP,Ankr Health,30,https://ankr.us,Y Combinator,https://www.ycombinator.com/companies/ankr-health,2026-09-06T03:17:54.897768Z
1.0,STARTUP,AnnieCannons,14,https://www.anniecannons.com,Y Combinator,https://www.ycombinator.com/companies/anniecannons,2026-09-06T03:17:54.922788Z
1.0,STARTUP,Angle Health,100,https://www.anglehealth.com,Y Combinator,https://www.ycombinator.com/companies/angle-health,2026-09-06T03:17:54.949311Z
1.0,STARTUP,Ångström AI,5,https://www.angstrom-ai.com,Y Combinator,https://www.ycombinator.com/companies/angstrom-ai,2026-09-06T03:17:55.115051Z
1.0,STARTUP,ANORIA,5,https://www.anoria.com,Y Combinator,https://www.ycombinator.com/companies/anoria,2026-09-06T03:17:55.147855Z
1.0,STARTUP,Ansa Biotechnologies,72,http://ansabio.com,Y Combinator,https://www.ycombinator.com/companies/ansa-biotechnologies,2026-09-06T03:17:55.259105Z
1.0,STARTUP,Answerly,11,http://answerly.com,Y Combinator,https://www.ycombinator.com/companies/answerly,2026-09-06T03:17:55.293059Z
1.0,STARTUP,Antropi Robotics,,https://www.antropi.world/,Y Combinator,https://www.ycombinator.com/companies/antropi-robotics,2026-09-06T03:17:55.380553Z
1.0,STARTUP,AntWalk,50,https://www.antwalk.com/,Y Combinator,https://www.ycombinator.com/companies/antwalk,2026-09-06T03:17:55.425356Z
1.0,STARTUP,Anthrogen,6,https://anthrogen.com,Y Combinator,https://www.ycombinator.com/companies/anthrogen,2026-09-06T03:17:55.477440Z
1.0,STARTUP,Anto Biosciences,4,https://www.anto.bio/,Y Combinator,https://www.ycombinator.com/companies/anto-biosciences,2026-09-06T03:17:55.517219Z
1.0,STARTUP,AnswerThis,6,https://answerthis.io/,Y Combinator,https://www.ycombinator.com/companies/answerthis,2026-09-06T03:17:55.551625Z
1.0,STARTUP,AnythingLLM,4,https://anythingllm.com,Y Combinator,https://www.ycombinator.com/companies/anythingllm,2026-09-06T03:17:55.655887Z
1.0,STARTUP,Antigen,5,https://antigen.sh/,Y Combinator,https://www.ycombinator.com/companies/antigen,2026-09-06T03:17:55.708346Z
1.0,STARTUP,AnyList,3,https://www.anylist.com,Y Combinator,https://www.ycombinator.com/companies/anylist,2026-09-06T03:17:55.731307Z
1.0,STARTUP,Anywhere.FM,11,http://anywhere.fm,Y Combinator,https://www.ycombinator.com/companies/anywhere-fm,2026-09-06T03:17:55.799094Z
1.0,STARTUP,Anyvite,2,http://anyvite.com,Y Combinator,https://www.ycombinator.com/companies/anyvite,2026-09-06T03:17:55.824303Z
1.0,STARTUP,AON3D,40,https://www.aon3d.com,Y Combinator,https://www.ycombinator.com/companies/aon3d,2026-09-06T03:17:55.896179Z
1.0,STARTUP,AOA Dx,25,https://www.aoadx.com/,Y Combinator,https://www.ycombinator.com/companies/aoa-dx-inc,2026-09-06T03:17:55.940677Z
1.0,STARTUP,Apartio,2,http://www.apartio.com.br,Y Combinator,https://www.ycombinator.com/companies/apartio,2026-09-06T03:17:55.973389Z
1.0,STARTUP,Apero Health,24,https://www.aperohealth.com,Y Combinator,https://www.ycombinator.com/companies/apero-health,2026-09-06T03:17:56.048130Z
1.0,STARTUP,Apolink,7,https://apolink.space,Y Combinator,https://www.ycombinator.com/companies/apolink,2026-09-06T03:17:56.087129Z
1.0,STARTUP,Apollo,3,https://www.withapollo.com/,Y Combinator,https://www.ycombinator.com/companies/apollo-2,2026-09-06T03:17:56.188629Z
1.0,STARTUP,"Apollo Atomics, Inc.",,https://apolloatomics.com/,Y Combinator,https://www.ycombinator.com/companies/apollo-atomics-inc,2026-09-06T03:17:56.306232Z
1.0,STARTUP,Apollo Health,,http://apollo.com,Y Combinator,https://www.ycombinator.com/companies/apollo-health,2026-09-06T03:17:56.345454Z
1.0,STARTUP,ApolloShield,,https://www.apolloshield.com,Y Combinator,https://www.ycombinator.com/companies/apolloshield,2026-09-06T03:17:56.433091Z
1.0,STARTUP,Apollo.io,800,https://www.apollo.io/,Y Combinator,https://www.ycombinator.com/companies/apollo-io,2026-09-06T03:17:56.498770Z
1.0,STARTUP,Apoxy,2,https://apoxy.dev,Y Combinator,https://www.ycombinator.com/companies/apoxy,2026-09-06T03:17:56.534762Z
1.0,STARTUP,Appcanary,2,http://appcanary.com,Y Combinator,https://www.ycombinator.com/companies/appcanary,2026-09-06T03:17:56.640257Z
1.0,STARTUP,Apozy,9,https://www.apozy.com/,Y Combinator,https://www.ycombinator.com/companies/apozy,2026-09-06T03:17:56.683506Z
1.0,STARTUP,Appjet,3,http://appjet.com,Y Combinator,https://www.ycombinator.com/companies/appjet,2026-09-06T03:17:56.771269Z
1.0,STARTUP,AppHarbor,1,https://appharbor.com,Y Combinator,https://www.ycombinator.com/companies/appharbor,2026-09-06T03:17:56.809859Z
1.0,STARTUP,Appcubator,,http://appcubator.com,Y Combinator,https://www.ycombinator.com/companies/appcubator,2026-09-06T03:17:56.834027Z
1.0,STARTUP,Apportable,51,http://apportable.com,Y Combinator,https://www.ycombinator.com/companies/apportable,2026-09-06T03:17:56.919181Z
1.0,STARTUP,Approxima,2,https://approxima.ai,Y Combinator,https://www.ycombinator.com/companies/approxima,2026-09-06T03:17:56.965636Z
1.0,STARTUP,Apprentice Health,6,https://www.apprenticehealth.com,Y Combinator,https://www.ycombinator.com/companies/apprentice-health,2026-09-06T03:17:57.002401Z
1.0,STARTUP,"Applied Electrodynamics, Inc.",5,https://www.ae-dyn.com/,Y Combinator,https://www.ycombinator.com/companies/applied-electrodynamics-inc,2026-09-06T03:17:57.062063Z
1.0,STARTUP,Apply Design,4,http://www.applydesign.io,Y Combinator,https://www.ycombinator.com/companies/apply-design,2026-09-06T03:17:57.160790Z
1.0,STARTUP,AppX,30,https://www.vccircle.com/ycombinator-backed-appx-buys-website-building-platform-superpage,Y Combinator,https://www.ycombinator.com/companies/appx,2026-09-06T03:17:57.235852Z
1.0,STARTUP,Apptimize,50,http://apptimize.com,Y Combinator,https://www.ycombinator.com/companies/apptimize,2026-09-06T03:17:57.282022Z
1.0,STARTUP,AptDeco,,https://www.aptdeco.com/,Y Combinator,https://www.ycombinator.com/companies/aptdeco,2026-09-06T03:17:57.371802Z
1.0,STARTUP,Aptible,25,https://www.aptible.com,Y Combinator,https://www.ycombinator.com/companies/aptible,2026-09-06T03:17:57.408990Z
1.0,STARTUP,Apten,6,https://www.apten.ai/,Y Combinator,https://www.ycombinator.com/companies/apten,2026-09-06T03:17:57.441969Z
1.0,STARTUP,Apto Payments,32,https://www.aptopayments.com/,Y Combinator,https://www.ycombinator.com/companies/apto-payments,2026-09-06T03:17:57.993679Z
1.0,STARTUP,Aqua Voice,5,https://aquavoice.com,Y Combinator,https://www.ycombinator.com/companies/aqua-voice,2026-09-06T03:17:58.154013Z
1.0,STARTUP,Arbital,3,https://www.arbital.xyz,Y Combinator,https://www.ycombinator.com/companies/arbital,2026-09-06T03:17:58.209315Z
1.0,STARTUP,Aragorn AI,4,https://www.aragorn.ai,Y Combinator,https://www.ycombinator.com/companies/aragorn-ai,2026-09-06T03:17:58.254210Z
1.0,STARTUP,Apurata,12,https://apurata.com,Y Combinator,https://www.ycombinator.com/companies/apurata,2026-09-06T03:17:58.291627Z
1.0,STARTUP,AquaShield,3,https://aquashieldai.com,Y Combinator,https://www.ycombinator.com/companies/aquashield,2026-09-06T03:17:58.331314Z
1.0,STARTUP,Aqua,34,https://www.investwithaqua.com,Y Combinator,https://www.ycombinator.com/companies/aqua,2026-09-06T03:17:58.374562Z
1.0,STARTUP,Aquarium Learning,12,https://www.aquariumlearning.com/,Y Combinator,https://www.ycombinator.com/companies/aquarium-learning,2026-09-06T03:17:58.530573Z
1.0,STARTUP,Aravolta,4,https://www.aravolta.com/,Y Combinator,https://www.ycombinator.com/companies/aravolta,2026-09-06T03:17:58.611998Z
1.0,STARTUP,Reason Machines,2,https://reasonmachines.ai,Y Combinator,https://www.ycombinator.com/companies/ara,2026-09-06T03:17:58.658712Z
1.0,STARTUP,Arc,2,http://arccameras.com,Y Combinator,https://www.ycombinator.com/companies/arc,2026-09-06T03:17:58.787021Z
1.0,STARTUP,Arcane,2,,Y Combinator,https://www.ycombinator.com/companies/arcane,2026-09-06T03:17:58.865320Z
1.0,STARTUP,Archbee,12,https://www.archbee.com,Y Combinator,https://www.ycombinator.com/companies/archbee,2026-09-06T03:17:58.920723Z
1.0,STARTUP,ARC Prize Foundation,4,https://arcprize.org/,Y Combinator,https://www.ycombinator.com/companies/arc-prize-foundation,2026-09-06T03:17:59.034143Z
1.0,STARTUP,Archal,2,https://www.archal.ai/,Y Combinator,https://www.ycombinator.com/companies/archal,2026-09-06T03:17:59.085059Z
1.0,STARTUP,Archer,4,https://archermoney.com/,Y Combinator,https://www.ycombinator.com/companies/archer,2026-09-06T03:17:59.298606Z
1.0,STARTUP,ArchForm,23,http://archform.com,Y Combinator,https://www.ycombinator.com/companies/archform,2026-09-06T03:17:59.357403Z
1.0,STARTUP,Archil,11,https://archil.com,Y Combinator,https://www.ycombinator.com/companies/archil,2026-09-06T03:17:59.409361Z
1.0,STARTUP,ArchiLabs,2,https://archilabs.ai,Y Combinator,https://www.ycombinator.com/companies/archilabs,2026-09-06T03:17:59.460402Z
1.0,STARTUP,Archon,3,https://archon.inc,Y Combinator,https://www.ycombinator.com/companies/archon,2026-09-06T03:17:59.548940Z
1.0,STARTUP,Arcimus,2,https://www.arcimus.com/,Y Combinator,https://www.ycombinator.com/companies/arcimus,2026-09-06T03:17:59.694825Z
1.0,STARTUP,Arden,2,https://ardentech.ai/,Y Combinator,https://www.ycombinator.com/companies/arden,2026-09-06T03:17:59.823433Z
1.0,STARTUP,Arctic Health,4,https://arctic.health,Y Combinator,https://www.ycombinator.com/companies/arctic-health,2026-09-06T03:17:59.876998Z
1.0,STARTUP,Ardent,3,https://tryardent.com,Y Combinator,https://www.ycombinator.com/companies/ardent,2026-09-06T03:17:59.930403Z
1.0,STARTUP,Ardis AI,3,http://www.ardis.ai,Y Combinator,https://www.ycombinator.com/companies/ardis-ai,2026-09-06T03:18:00.076666Z
1.0,STARTUP,Arcus,100,http://arcusfi.com,Y Combinator,https://www.ycombinator.com/companies/arcus,2026-09-06T03:18:00.157224Z
1.0,STARTUP,Arga Labs,4,https://www.argalabs.com/,Y Combinator,https://www.ycombinator.com/companies/arga-labs,2026-09-06T03:18:00.212739Z
1.0,STARTUP,Arengu,10,https://www.arengu.com,Y Combinator,https://www.ycombinator.com/companies/arengu,2026-09-06T03:18:00.273161Z
1.0,STARTUP,Ares Industries,2,https://aresindustries.com,Y Combinator,https://www.ycombinator.com/companies/ares-industries,2026-09-06T03:18:00.342898Z
1.0,STARTUP,Argo,10,https://Argo.LA,Y Combinator,https://www.ycombinator.com/companies/argo,2026-09-06T03:18:00.509892Z
1.0,STARTUP,Argil,8,https://www.argil.ai/,Y Combinator,https://www.ycombinator.com/companies/argil,2026-09-06T03:18:00.625442Z
1.0,STARTUP,Argovox,3,https://www.argovox.com/,Y Combinator,https://www.ycombinator.com/companies/argovox,2026-09-06T03:18:00.732784Z
1.0,STARTUP,args,2,https://args.io/,Y Combinator,https://www.ycombinator.com/companies/args,2026-09-06T03:18:00.779679Z
1.0,STARTUP,"Argon AI, Inc.",2,https://www.argon-ai.com/,Y Combinator,https://www.ycombinator.com/companies/argon-ai-inc,2026-09-06T03:18:00.832919Z
1.0,STARTUP,Argument Computer Corporation,8,https://argument.xyz,Y Combinator,https://www.ycombinator.com/companies/argument-computer-corporation,2026-09-06T03:18:01.034315Z
1.0,STARTUP,Arini,17,https://www.arini.ai,Y Combinator,https://www.ycombinator.com/companies/arini,2026-09-06T03:18:01.161205Z
1.0,STARTUP,Arist,23,https://www.arist.co,Y Combinator,https://www.ycombinator.com/companies/arist,2026-09-06T03:18:01.232307Z
1.0,STARTUP,Arintra,50,https://www.arintra.com/,Y Combinator,https://www.ycombinator.com/companies/arintra,2026-09-06T03:18:01.282209Z
1.0,STARTUP,Ariglad,4,https://www.ariglad.com/,Y Combinator,https://www.ycombinator.com/companies/ariglad,2026-09-06T03:18:01.375431Z
1.0,STARTUP,Ark,11,http://ark.com,Y Combinator,https://www.ycombinator.com/companies/ark,2026-09-06T03:18:01.524780Z
1.0,STARTUP,Arketa,55,https://arketa.com,Y Combinator,https://www.ycombinator.com/companies/arketa,2026-09-06T03:18:01.581006Z
1.0,STARTUP,Armature,3,https://armature.tech,Y Combinator,https://www.ycombinator.com/companies/armature,2026-09-06T03:18:01.670042Z
1.0,STARTUP,Arlo Industries,3,https://arlo1.com/,Y Combinator,https://www.ycombinator.com/companies/arlo-industries,2026-09-06T03:18:01.744524Z
1.0,STARTUP,Armilla AI,14,http://www.armilla.ai,Y Combinator,https://www.ycombinator.com/companies/armilla-ai,2026-09-06T03:18:01.820638Z
1.0,STARTUP,Armory,90,http://armory.io,Y Combinator,https://www.ycombinator.com/companies/armory,2026-09-06T03:18:02.238498Z
1.0,STARTUP,Arpari,6,https://www.arpari.com,Y Combinator,https://www.ycombinator.com/companies/arpari,2026-09-06T03:18:02.312483Z
1.0,STARTUP,Arpeggio Bio,20,http://www.arpeggiobio.com,Y Combinator,https://www.ycombinator.com/companies/arpeggio-bio,2026-09-06T03:18:02.374782Z
1.0,STARTUP,arnata,15,https://arnata.com,Y Combinator,https://www.ycombinator.com/companies/arnata,2026-09-06T03:18:02.450135Z
1.0,STARTUP,Arpio,7,https://arpio.io,Y Combinator,https://www.ycombinator.com/companies/arpio,2026-09-06T03:18:02.602899Z
1.0,STARTUP,Arthena,12,https://www.arthena.com,Y Combinator,https://www.ycombinator.com/companies/arthena,2026-09-06T03:18:03.249902Z
1.0,STARTUP,Artificial Societies,12,https://societies.io,Y Combinator,https://www.ycombinator.com/companies/artificial-societies,2026-09-06T03:18:03.406759Z
1.0,STARTUP,Arroyo,2,https://www.arroyo.dev,Y Combinator,https://www.ycombinator.com/companies/arroyo,2026-09-06T03:18:03.474458Z
1.0,STARTUP,Array Labs,30,https://www.arraylabs.io/,Y Combinator,https://www.ycombinator.com/companies/array-labs,2026-09-06T03:18:03.544582Z
1.0,STARTUP,Artifact,4,https://www.artifact.engineer/,Y Combinator,https://www.ycombinator.com/companies/artifact-2,2026-09-06T03:18:03.620242Z
1.0,STARTUP,Artemis Search,3,https://search-artemis.com/,Y Combinator,https://www.ycombinator.com/companies/artemis-search,2026-09-06T03:18:03.728203Z
1.0,STARTUP,Arrow,18,https://www.arrowcheckout.com/,Y Combinator,https://www.ycombinator.com/companies/arrow,2026-09-06T03:18:03.916582Z
1.0,STARTUP,Artie,16,https://www.artie.com/,Y Combinator,https://www.ycombinator.com/companies/artie,2026-09-06T03:18:03.984886Z
1.0,STARTUP,ARQ,100,https://www.arqfinance.com/,Y Combinator,https://www.ycombinator.com/companies/arq,2026-09-06T03:18:04.074966Z
1.0,STARTUP,Artillery,5,https://www.artillery.io,Y Combinator,https://www.ycombinator.com/companies/artillery,2026-09-06T03:18:04.122710Z
1.0,STARTUP,Arva AI,20,https://www.arva.ai,Y Combinator,https://www.ycombinator.com/companies/arva-ai,2026-09-06T03:18:04.342138Z
1.0,STARTUP,Artisan,50,https://artisan.co/?utm_source=ycombinator,Y Combinator,https://www.ycombinator.com/companies/artisan,2026-09-06T03:18:04.416092Z
1.0,STARTUP,Arylla,6,http://www.arylla.com,Y Combinator,https://www.ycombinator.com/companies/arylla,2026-09-06T03:18:04.465111Z
1.0,STARTUP,Artos,7,https://www.artosai.com/,Y Combinator,https://www.ycombinator.com/companies/artos,2026-09-06T03:18:04.544261Z
1.0,STARTUP,Asakana,,https://www.asakana.co/,Y Combinator,https://www.ycombinator.com/companies/asakana,2026-09-06T03:18:04.588270Z
1.0,STARTUP,Arzana,6,https://www.arzana.com/,Y Combinator,https://www.ycombinator.com/companies/arzana,2026-09-06T03:18:04.784038Z
1.0,STARTUP,OpenReplay,11,https://www.openreplay.com/,Y Combinator,https://www.ycombinator.com/companies/asayer,2026-09-06T03:18:04.872662Z
1.0,STARTUP,Ascii,3,https://box.ascii.dev,Y Combinator,https://www.ycombinator.com/companies/ascii,2026-09-06T03:18:04.954960Z
1.0,STARTUP,Ascen,30,https://ascen.com,Y Combinator,https://www.ycombinator.com/companies/ascen,2026-09-06T03:18:04.998438Z
1.0,STARTUP,Asendia AI,3,https://asendia.ai/,Y Combinator,https://www.ycombinator.com/companies/asendia-ai,2026-09-06T03:18:05.058517Z
1.0,STARTUP,Asha Health,9,https://asha.health,Y Combinator,https://www.ycombinator.com/companies/asha-health,2026-09-06T03:18:05.228618Z
1.0,STARTUP,Asher Bio,3,https://www.asherbio.com/,Y Combinator,https://www.ycombinator.com/companies/asher-bio,2026-09-06T03:18:05.282653Z
1.0,STARTUP,Ashby,110,https://www.ashbyhq.com,Y Combinator,https://www.ycombinator.com/companies/ashby,2026-09-06T03:18:05.353372Z
1.0,STARTUP,Aseon Labs,5,https://www.aseonlabs.com/,Y Combinator,https://www.ycombinator.com/companies/aseon-labs,2026-09-06T03:18:05.427588Z
1.0,STARTUP,Ashr,2,https://ashr.io,Y Combinator,https://www.ycombinator.com/companies/ashr,2026-09-06T03:18:05.611016Z
1.0,STARTUP,Aside,5,https://aside.com,Y Combinator,https://www.ycombinator.com/companies/aside,2026-09-06T03:18:05.694722Z
1.0,STARTUP,aSim,9,https://asim.sh/,Y Combinator,https://www.ycombinator.com/companies/asim,2026-09-06T03:18:05.752046Z
1.0,STARTUP,Askdata,17,http://www.askdata.com,Y Combinator,https://www.ycombinator.com/companies/askdata,2026-09-06T03:18:05.866612Z
1.0,STARTUP,"AskMyClass, now Soundkins",2,https://soundkins.com/,Y Combinator,https://www.ycombinator.com/companies/askmyclass-now-soundkins,2026-09-06T03:18:05.911554Z
1.0,STARTUP,Asimov,3,https://tryasimov.ai/,Y Combinator,https://www.ycombinator.com/companies/asimov,2026-09-06T03:18:05.967767Z
1.0,STARTUP,Aspora,85,https://aspora.com,Y Combinator,https://www.ycombinator.com/companies/aspora,2026-09-06T03:18:06.155953Z
1.0,STARTUP,Aspect,3,https://aspect.inc,Y Combinator,https://www.ycombinator.com/companies/aspect-inc,2026-09-06T03:18:06.233078Z
1.0,STARTUP,Aspire,500,https://aspireapp.com,Y Combinator,https://www.ycombinator.com/companies/aspire,2026-09-06T03:18:06.332497Z
1.0,STARTUP,Assembled,2,https://www.crunchbase.com/organization/circle-inc,Y Combinator,https://www.ycombinator.com/companies/assembled,2026-09-06T03:18:06.474883Z
1.0,STARTUP,Assemble,4,https://www.assemble.ai/,Y Combinator,https://www.ycombinator.com/companies/assemble,2026-09-06T03:18:06.540389Z
1.0,STARTUP,Assembly,12,https://asm.co/,Y Combinator,https://www.ycombinator.com/companies/assembly,2026-09-06T03:18:06.592106Z
1.0,STARTUP,Assembly HOA,12,https://assemblyhoa.com,Y Combinator,https://www.ycombinator.com/companies/assembly-hoa,2026-09-06T03:18:06.807396Z
1.0,STARTUP,AssemblyAI,65,https://www.assemblyai.com,Y Combinator,https://www.ycombinator.com/companies/assemblyai,2026-09-06T03:18:06.869296Z
1.0,STARTUP,Asseta,4,http://www.asseta.com,Y Combinator,https://www.ycombinator.com/companies/asseta,2026-09-06T03:18:06.918118Z
1.0,STARTUP,assistant-ui,3,https://assistant-ui.com,Y Combinator,https://www.ycombinator.com/companies/assistant-ui,2026-09-06T03:18:07.028304Z
1.0,STARTUP,Astek Diagnostics,5,http://astekdx.com,Y Combinator,https://www.ycombinator.com/companies/astek-diagnostics-inc,2026-09-06T03:18:07.101618Z
1.0,STARTUP,Assorted Bits,,http://youthere.com,Y Combinator,https://www.ycombinator.com/companies/assorted-bits,2026-09-06T03:18:07.145201Z
1.0,STARTUP,Astor,5,https://astor.app/,Y Combinator,https://www.ycombinator.com/companies/astor,2026-09-06T03:18:07.237730Z
1.0,STARTUP,Asteroid,8,https://asteroid.ai,Y Combinator,https://www.ycombinator.com/companies/asteroid,2026-09-06T03:18:07.300817Z
1.0,STARTUP,Aster,2,https://www.asterlab.ai/,Y Combinator,https://www.ycombinator.com/companies/asterlab,2026-09-06T03:18:07.494581Z
1.0,STARTUP,Astraea,2,https://tryastraea.com,Y Combinator,https://www.ycombinator.com/companies/astraea,2026-09-06T03:18:07.610425Z
1.0,STARTUP,Astranis,500,http://www.astranis.com,Y Combinator,https://www.ycombinator.com/companies/astranis,2026-09-06T03:18:07.706694Z
1.0,STARTUP,Astro Mechanica,52,https://astromecha.co/,Y Combinator,https://www.ycombinator.com/companies/astro-mechanica,2026-09-06T03:18:08.333651Z
1.0,STARTUP,Matcha,2,https://www.matcha-health.com,Y Combinator,https://www.ycombinator.com/companies/astrix-health,2026-09-06T03:18:08.420673Z
1.0,STARTUP,Atlas,25,https://atlascard.com,Y Combinator,https://www.ycombinator.com/companies/atlas-3,2026-09-06T03:18:08.491340Z
1.0,STARTUP,Astro,1,https://www.astroenergy.ai/,Y Combinator,https://www.ycombinator.com/companies/astro,2026-09-06T03:18:08.537984Z
1.0,STARTUP,Atla,10,https://www.atla-ai.com/,Y Combinator,https://www.ycombinator.com/companies/atla,2026-09-06T03:18:08.713922Z
1.0,STARTUP,AthenaHQ,12,https://www.athenahq.ai,Y Combinator,https://www.ycombinator.com/companies/athenahq,2026-09-06T03:18:08.859470Z
1.0,STARTUP,AstroForge,10,https://www.astroforge.io/,Y Combinator,https://www.ycombinator.com/companies/astroforge,2026-09-06T03:18:08.916036Z
1.0,STARTUP,Athelas,1000,http://athelas.com,Y Combinator,https://www.ycombinator.com/companies/athelas,2026-09-06T03:18:09.044982Z
1.0,STARTUP,Atlas Discovery,3,https://atlasdiscovery.bio,Y Combinator,https://www.ycombinator.com/companies/atlas-discovery,2026-09-06T03:18:09.464207Z
1.0,STARTUP,AtlasGrid,6,https://atlasgrid.ai,Y Combinator,https://www.ycombinator.com/companies/atlasgrid,2026-09-06T03:18:09.592645Z
1.0,STARTUP,Atmo,10,http://atmo.ai,Y Combinator,https://www.ycombinator.com/companies/atmo,2026-09-06T03:18:09.678280Z
1.0,STARTUP,Atlia,2,https://www.atlia.com,Y Combinator,https://www.ycombinator.com/companies/atlia,2026-09-06T03:18:09.815323Z
1.0,STARTUP,Atmeto,2,https://www.atmeto.com,Y Combinator,https://www.ycombinator.com/companies/atmeto,2026-09-06T03:18:09.877149Z
1.0,STARTUP,Atlog,2,https://atlog.ai,Y Combinator,https://www.ycombinator.com/companies/atlog,2026-09-06T03:18:09.939759Z
1.0,STARTUP,Atmana,8,https://blockerx.net/,Y Combinator,https://www.ycombinator.com/companies/atmana,2026-09-06T03:18:10.158157Z
1.0,STARTUP,Atmos,30,https://www.buildatmos.com/,Y Combinator,https://www.ycombinator.com/companies/atmos,2026-09-06T03:18:10.291535Z
1.0,STARTUP,AtoB,75,https://atob.com/,Y Combinator,https://www.ycombinator.com/companies/atob,2026-09-06T03:18:10.386868Z
1.0,STARTUP,Atomarine,2,https://atomarine.co,Y Combinator,https://www.ycombinator.com/companies/atomarine,2026-09-06T03:18:10.490937Z
1.0,STARTUP,Atomic,25,https://www.atomicvest.com/,Y Combinator,https://www.ycombinator.com/companies/atomic,2026-09-06T03:18:10.546097Z
1.0,STARTUP,Atomized,3,https://atomizedhq.com,Y Combinator,https://www.ycombinator.com/companies/atomized,2026-09-06T03:18:10.742391Z
1.0,STARTUP,Atrato,80,https://www.atratopago.com,Y Combinator,https://www.ycombinator.com/companies/atrato,2026-09-06T03:18:10.825771Z
1.0,STARTUP,Atomic Alchemy,8,https://atomicalchemy.us,Y Combinator,https://www.ycombinator.com/companies/atomic-alchemy,2026-09-06T03:18:10.873206Z
1.0,STARTUP,atopile,5,http://atopile.io,Y Combinator,https://www.ycombinator.com/companies/atopile,2026-09-06T03:18:10.926090Z
1.0,STARTUP,Atomic Industries,60,http://atomic.industries,Y Combinator,https://www.ycombinator.com/companies/atomic-industries,2026-09-06T03:18:10.979622Z
1.0,STARTUP,Attack Capital,5,https://attack.capital/,Y Combinator,https://www.ycombinator.com/companies/attack-capital,2026-09-06T03:18:11.262181Z
1.0,STARTUP,Atrisa,3,https://atrisa.ai,Y Combinator,https://www.ycombinator.com/companies/atrisa,2026-09-06T03:18:11.315611Z
1.0,STARTUP,Attain,5,https://joinattain.com/,Y Combinator,https://www.ycombinator.com/companies/attain,2026-09-06T03:18:11.364930Z
1.0,STARTUP,Atrium,180,http://www.atrium.co,Y Combinator,https://www.ycombinator.com/companies/atrium,2026-09-06T03:18:11.409935Z
1.0,STARTUP,attimet,3,https://attimet.com/,Y Combinator,https://www.ycombinator.com/companies/attimet,2026-09-06T03:18:11.461693Z
1.0,STARTUP,Auctor,30,https://getauctor.com,Y Combinator,https://www.ycombinator.com/companies/auctor,2026-09-06T03:18:11.649840Z
1.0,STARTUP,Attunement,3,http://attunement.ai,Y Combinator,https://www.ycombinator.com/companies/attunement,2026-09-06T03:18:11.736441Z
1.0,STARTUP,Auctomatic,2,http://auctomatic.com,Y Combinator,https://www.ycombinator.com/companies/auctomatic,2026-09-06T03:18:11.785654Z
1.0,STARTUP,Attune,3,https://attunehq.com,Y Combinator,https://www.ycombinator.com/companies/attune,2026-09-06T03:18:11.852124Z
1.0,STARTUP,Atum Works,3,https://atum.works/,Y Combinator,https://www.ycombinator.com/companies/atum-works,2026-09-06T03:18:11.894750Z
1.0,STARTUP,AudioFocus,4,http://audiofocus.io,Y Combinator,https://www.ycombinator.com/companies/audiofocus,2026-09-06T03:18:12.102438Z
1.0,STARTUP,Audobox,,http://audobox.com,Y Combinator,https://www.ycombinator.com/companies/audobox,2026-09-06T03:18:12.152924Z
1.0,STARTUP,Audiobeta,,http://audiobeta.com,Y Combinator,https://www.ycombinator.com/companies/audiobeta,2026-09-06T03:18:12.203425Z
1.0,STARTUP,Audm,10,https://www.audm.com,Y Combinator,https://www.ycombinator.com/companies/audm,2026-09-06T03:18:12.251106Z
1.0,STARTUP,Audun,5,https://audun.co,Y Combinator,https://www.ycombinator.com/companies/audun,2026-09-06T03:18:12.312662Z
1.0,STARTUP,Aura Vision,10,https://auravision.ai,Y Combinator,https://www.ycombinator.com/companies/aura-vision,2026-09-06T03:18:12.512978Z
1.0,STARTUP,Auricle,2,https://auricle.com,Y Combinator,https://www.ycombinator.com/companies/auricle,2026-09-06T03:18:12.620951Z
1.0,STARTUP,Aurelian,45,https://www.aurelian.com/,Y Combinator,https://www.ycombinator.com/companies/aurelian,2026-09-06T03:18:12.693313Z
1.0,STARTUP,Aurabeat,12,https://www.aurabeattech.com/,Y Combinator,https://www.ycombinator.com/companies/aurabeat,2026-09-06T03:18:12.760103Z
1.0,STARTUP,Auro Robotics,,http://www.auro.ai/,Y Combinator,https://www.ycombinator.com/companies/auro-robotics,2026-09-06T03:18:12.878404Z
1.0,STARTUP,Aurorin CAD,1,https://aurorincad.com,Y Combinator,https://www.ycombinator.com/companies/aurorin-cad,2026-09-06T03:18:13.104946Z
1.0,STARTUP,AuroraQ,1,http://auroraq.com,Y Combinator,https://www.ycombinator.com/companies/auroraq,2026-09-06T03:18:13.163744Z
1.0,STARTUP,autarc,30,https://www.autarc.energy/global,Y Combinator,https://www.ycombinator.com/companies/autarc,2026-09-06T03:18:13.221709Z
1.0,STARTUP,Automate Ads,2,http://kuhcoon.com,Y Combinator,https://www.ycombinator.com/companies/automate-ads,2026-09-06T03:18:13.876721Z
1.0,STARTUP,AutoHub,2,https://www.autohub.io,Y Combinator,https://www.ycombinator.com/companies/autohub,2026-09-06T03:18:13.951875Z
1.0,STARTUP,AutoComputer,2,https://www.autocomputer.ai/,Y Combinator,https://www.ycombinator.com/companies/autocomputer,2026-09-06T03:18:13.995409Z
1.0,STARTUP,Automax.ai,4,https://automax.ai,Y Combinator,https://www.ycombinator.com/companies/automax-ai,2026-09-06T03:18:14.031317Z
1.0,STARTUP,authzed,31,https://authzed.com,Y Combinator,https://www.ycombinator.com/companies/authzed,2026-09-06T03:18:14.064271Z
1.0,STARTUP,Authy,201,http://authy.com,Y Combinator,https://www.ycombinator.com/companies/authy,2026-09-06T03:18:14.091708Z
1.0,STARTUP,Autodial prev Qwest,1,https://www.autodial.com,Y Combinator,https://www.ycombinator.com/companies/autodial-prev-qwest,2026-09-06T03:18:14.117627Z
1.0,STARTUP,Automatic,51,http://automatic.com,Y Combinator,https://www.ycombinator.com/companies/automatic,2026-09-06T03:18:14.141510Z
1.0,STARTUP,Authologic,44,https://authologic.com,Y Combinator,https://www.ycombinator.com/companies/authologic,2026-09-06T03:18:14.188417Z
1.0,STARTUP,Automat,,https://www.getlassoai.com/,Y Combinator,https://www.ycombinator.com/companies/automat,2026-09-06T03:18:14.471308Z
1.0,STARTUP,Automorphic,3,https://automorphic.ai/,Y Combinator,https://www.ycombinator.com/companies/automorphic,2026-09-06T03:18:14.541860Z
1.0,STARTUP,autone,70,https://autone.io,Y Combinator,https://www.ycombinator.com/companies/autone,2026-09-06T03:18:14.585121Z
1.0,STARTUP,Autonomous Technologies Group,8,https://becomeautonomous.com/,Y Combinator,https://www.ycombinator.com/companies/autonomous-technologies-group,2026-09-06T03:18:14.701674Z
1.0,STARTUP,AutoPallet Robotics,6,https://autopallet.bot,Y Combinator,https://www.ycombinator.com/companies/autopallet-robotics,2026-09-06T03:18:14.745152Z
1.0,STARTUP,Autosana,5,https://autosana.ai,Y Combinator,https://www.ycombinator.com/companies/autosana,2026-09-06T03:18:14.798218Z
1.0,STARTUP,Autotab,2,https://autotab.com,Y Combinator,https://www.ycombinator.com/companies/autotab,2026-09-06T03:18:14.958116Z
1.0,STARTUP,Autostep,1,https://autostep.ai/,Y Combinator,https://www.ycombinator.com/companies/autostep,2026-09-06T03:18:15.007418Z
1.0,STARTUP,Autumn,5,https://useautumn.com,Y Combinator,https://www.ycombinator.com/companies/autumn,2026-09-06T03:18:15.048292Z
1.0,STARTUP,AutoSitu,2,https://autositu.com/,Y Combinator,https://www.ycombinator.com/companies/autositu,2026-09-06T03:18:15.088366Z
1.0,STARTUP,Autumn AI,2,https://autumn.ai,Y Combinator,https://www.ycombinator.com/companies/autumn-ai,2026-09-06T03:18:15.230452Z
1.0,STARTUP,Autumn Labs,3,https://www.autumnlabs.io/,Y Combinator,https://www.ycombinator.com/companies/autumn-labs,2026-09-06T03:18:15.273521Z
1.0,STARTUP,Auxos,3,https://www.useauxos.com,Y Combinator,https://www.ycombinator.com/companies/auxos,2026-09-06T03:18:15.314582Z
1.0,STARTUP,Avalanche,1,https://useavalanche.com,Y Combinator,https://www.ycombinator.com/companies/avalanche,2026-09-06T03:18:15.426931Z
1.0,STARTUP,AvairSense,14,https://www.avairsense.com/,Y Combinator,https://www.ycombinator.com/companies/avairsense,2026-09-06T03:18:15.502829Z
1.0,STARTUP,Avallon AI,7,https://www.avallon.ai/,Y Combinator,https://www.ycombinator.com/companies/avallon-ai,2026-09-06T03:18:15.561505Z
1.0,STARTUP,Avametric,11,http://www.Avametric.com,Y Combinator,https://www.ycombinator.com/companies/avametric,2026-09-06T03:18:15.702969Z
1.0,STARTUP,Avelis Health,3,https://avelishealth.com,Y Combinator,https://www.ycombinator.com/companies/avelis-health,2026-09-06T03:18:15.752726Z
1.0,STARTUP,Avent,5,https://www.aventindustrial.com,Y Combinator,https://www.ycombinator.com/companies/avent,2026-09-06T03:18:15.812282Z
1.0,STARTUP,Avea Robotics,2,https://www.avearobotics.com,Y Combinator,https://www.ycombinator.com/companies/avea-robotics,2026-09-06T03:18:15.853516Z
1.0,STARTUP,Avenue,8,https://avenue.app/,Y Combinator,https://www.ycombinator.com/companies/avenue,2026-09-06T03:18:15.880390Z
1.0,STARTUP,AveryIQ,3,https://averyiq.com,Y Combinator,https://www.ycombinator.com/companies/averyiq,2026-09-06T03:18:15.975527Z
1.0,STARTUP,AviaryAI,10,http://www.helloaviary.ai,Y Combinator,https://www.ycombinator.com/companies/aviaryai,2026-09-06T03:18:16.014988Z
1.0,STARTUP,Aviator,6,https://aviator.co,Y Combinator,https://www.ycombinator.com/companies/aviator,2026-09-06T03:18:16.201047Z
1.0,STARTUP,Avina,5,https://avina.io,Y Combinator,https://www.ycombinator.com/companies/avina,2026-09-06T03:18:16.332341Z
1.0,STARTUP,Avion,,http://www.avion.health,Y Combinator,https://www.ycombinator.com/companies/avion,2026-09-06T03:18:16.375508Z
1.0,STARTUP,Avion School,4,https://avionschool.com,Y Combinator,https://www.ycombinator.com/companies/avion-school,2026-09-06T03:18:16.422307Z
1.0,STARTUP,Aviro,2,https://www.aviro.ai/,Y Combinator,https://www.ycombinator.com/companies/aviro,2026-09-06T03:18:16.484298Z
1.0,STARTUP,Avo,10,https://www.avonow.com/,Y Combinator,https://www.ycombinator.com/companies/avo-2,2026-09-06T03:18:16.750061Z
1.0,STARTUP,Aviron Interactive,90,https://www.avironactive.com/,Y Combinator,https://www.ycombinator.com/companies/aviron-interactive,2026-09-06T03:18:16.814131Z
1.0,STARTUP,Avoca Systems,8,https://avocasystems.com,Y Combinator,https://www.ycombinator.com/companies/avoca-systems,2026-09-06T03:18:16.845926Z
1.0,STARTUP,Avoca,85,https://www.avoca.ai/,Y Combinator,https://www.ycombinator.com/companies/avoca,2026-09-06T03:18:16.953081Z
1.0,STARTUP,Avocademy,6,http://www.Avocademy.com,Y Combinator,https://www.ycombinator.com/companies/avocademy,2026-09-06T03:18:16.998480Z
1.0,STARTUP,Avocado,4,https://avocadopos.com,Y Combinator,https://www.ycombinator.com/companies/avocado,2026-09-06T03:18:17.092008Z
1.0,STARTUP,Avoice,4,https://avoice.co/,Y Combinator,https://www.ycombinator.com/companies/avoice,2026-09-06T03:18:17.139364Z
1.0,STARTUP,Avro Life Science,8,http://avrolifesci.com,Y Combinator,https://www.ycombinator.com/companies/avro-life-science,2026-09-06T03:18:17.251871Z
1.0,STARTUP,Avora,4,https://www.getavora.ai,Y Combinator,https://www.ycombinator.com/companies/avora,2026-09-06T03:18:17.360279Z
1.0,STARTUP,Awesometalk,2,http://awesometalk.com,Y Combinator,https://www.ycombinator.com/companies/awesometalk,2026-09-06T03:18:17.471842Z
1.0,STARTUP,Awari,35,https://awari.com/,Y Combinator,https://www.ycombinator.com/companies/awari,2026-09-06T03:18:17.514511Z
1.0,STARTUP,awen,6,https://www.awen.ai/,Y Combinator,https://www.ycombinator.com/companies/awen,2026-09-06T03:18:17.542159Z
1.0,STARTUP,Axelrod,2,https://axelrod.live/,Y Combinator,https://www.ycombinator.com/companies/axelrod,2026-09-06T03:18:18.105295Z
1.0,STARTUP,AXAR AI,40,https://www.axar.ai/,Y Combinator,https://www.ycombinator.com/companies/axar-ai,2026-09-06T03:18:18.198972Z
1.0,STARTUP,Axial,1,https://axialcompute.com,Y Combinator,https://www.ycombinator.com/companies/axial,2026-09-06T03:18:18.247146Z
1.0,STARTUP,Axel Travel,20,https://helloaxel.com/,Y Combinator,https://www.ycombinator.com/companies/axel-travel,2026-09-06T03:18:18.292655Z
1.0,STARTUP,AXDRAFT,34,https://axdraft.com,Y Combinator,https://www.ycombinator.com/companies/axdraft,2026-09-06T03:18:18.326099Z
1.0,STARTUP,Awesomic,150,https://www.awesomic.com/?ref=yc,Y Combinator,https://www.ycombinator.com/companies/awesomic,2026-09-06T03:18:18.353899Z
1.0,STARTUP,Axiom,2,https://axiom.trade,Y Combinator,https://www.ycombinator.com/companies/axiom,2026-09-06T03:18:18.384306Z
1.0,STARTUP,Awtomic,11,https://www.awtomic.com,Y Combinator,https://www.ycombinator.com/companies/awtomic,2026-09-06T03:18:18.407130Z
1.0,STARTUP,Axal,3,https://www.axal.ai/,Y Combinator,https://www.ycombinator.com/companies/axal,2026-09-06T03:18:18.434407Z
1.0,STARTUP,Axiom.ai,8,https://axiom.ai,Y Combinator,https://www.ycombinator.com/companies/axiom-ai,2026-09-06T03:18:18.675728Z
1.0,STARTUP,AxionOrbital Space,2,https://axionorbital.space/,Y Combinator,https://www.ycombinator.com/companies/axionorbital-space,2026-09-06T03:18:18.883296Z
1.0,STARTUP,Axle Health,28,https://www.axlehealth.com,Y Combinator,https://www.ycombinator.com/companies/axle-health,2026-09-06T03:18:19.037902Z
1.0,STARTUP,Axis,15,http://axis.xyz,Y Combinator,https://www.ycombinator.com/companies/axis,2026-09-06T03:18:19.073734Z
1.0,STARTUP,Axoni,155,https://axoni.com,Y Combinator,https://www.ycombinator.com/companies/axoni,2026-09-06T03:18:19.104923Z
1.0,STARTUP,Axle,20,https://axle.insure,Y Combinator,https://www.ycombinator.com/companies/axle,2026-09-06T03:18:19.164717Z
1.0,STARTUP,Axolo,2,https://axolo.co,Y Combinator,https://www.ycombinator.com/companies/axolo,2026-09-06T03:18:19.191444Z
1.0,STARTUP,AYC Fund,1,http://www.AYCFund.com/,Y Combinator,https://www.ycombinator.com/companies/ayc-fund,2026-09-06T03:18:19.378926Z
1.0,STARTUP,Axross Pte Ltd,10,https://www.axross.co/,Y Combinator,https://www.ycombinator.com/companies/axross-pte-ltd,2026-09-06T03:18:19.412227Z
1.0,STARTUP,Azalea Robotics Corporation,,https://azalearobotics.com/,Y Combinator,https://www.ycombinator.com/companies/azalea-robotics-corporation,2026-09-06T03:18:19.448749Z
1.0,STARTUP,Omoi (formerly Azuki),3,https://www.omoi.com,Y Combinator,https://www.ycombinator.com/companies/azuki,2026-09-06T03:18:19.555309Z
1.0,STARTUP,Bagaveev Corporation,2,http://bagaveev.com,Y Combinator,https://www.ycombinator.com/companies/bagaveev-corporation,2026-09-06T03:18:19.635040Z
1.0,STARTUP,BackerKit,42,https://backerkit.com,Y Combinator,https://www.ycombinator.com/companies/backerkit,2026-09-06T03:18:19.687813Z
1.0,STARTUP,BackType,,http://backtype.com,Y Combinator,https://www.ycombinator.com/companies/backtype,2026-09-06T03:18:19.735836Z
1.0,STARTUP,Backpack,2,http://backpackbang.com,Y Combinator,https://www.ycombinator.com/companies/backpack,2026-09-06T03:18:19.777336Z
1.0,STARTUP,b12 Labs,3,https://b12-labs.com/,Y Combinator,https://www.ycombinator.com/companies/b12-labs,2026-09-06T03:18:19.830478Z
1.0,STARTUP,Backdrop,2,https://www.backdropagent.com,Y Combinator,https://www.ycombinator.com/companies/backdrop,2026-09-06T03:18:19.867268Z
1.0,STARTUP,Ballerine,16,http://www.ballerine.com,Y Combinator,https://www.ycombinator.com/companies/ballerine,2026-09-06T03:18:20.108529Z
1.0,STARTUP,Balanced,11,http://balancedpayments.com,Y Combinator,https://www.ycombinator.com/companies/balanced,2026-09-06T03:18:20.146849Z
1.0,STARTUP,Bakool,30,https://www.bakool.id,Y Combinator,https://www.ycombinator.com/companies/bakool,2026-09-06T03:18:20.173763Z
1.0,STARTUP,Balto,5,http://playbalto.com,Y Combinator,https://www.ycombinator.com/companies/balto,2026-09-06T03:18:20.315649Z
1.0,STARTUP,Bamboo,14,http://investbamboo.com,Y Combinator,https://www.ycombinator.com/companies/bamboo,2026-09-06T03:18:20.361429Z
1.0,STARTUP,Bankjoy,60,http://bankjoy.com,Y Combinator,https://www.ycombinator.com/companies/bankjoy,2026-09-06T03:18:20.385681Z
1.0,STARTUP,Banabo,2,https://www.banabo.io/,Y Combinator,https://www.ycombinator.com/companies/banabo,2026-09-06T03:18:20.408313Z
1.0,STARTUP,Bandit ML,4,https://www.banditml.com/,Y Combinator,https://www.ycombinator.com/companies/bandit-ml,2026-09-06T03:18:20.463997Z
1.0,STARTUP,Banner,35,https://withbanner.com,Y Combinator,https://www.ycombinator.com/companies/banner,2026-09-06T03:18:20.688317Z
1.0,STARTUP,Baraka,34,https://www.getbaraka.com/,Y Combinator,https://www.ycombinator.com/companies/baraka,2026-09-06T03:18:20.770608Z
1.0,STARTUP,BarSense,,http://kytephone.com,Y Combinator,https://www.ycombinator.com/companies/barsense,2026-09-06T03:18:20.806574Z
1.0,STARTUP,Bannerman,3,https://www.bannerman.com,Y Combinator,https://www.ycombinator.com/companies/bannerman,2026-09-06T03:18:20.838183Z
1.0,STARTUP,Basalt,6,https://basalt.space/,Y Combinator,https://www.ycombinator.com/companies/basalt,2026-09-06T03:18:20.869468Z
1.0,STARTUP,BaseFrame,2,https://baseframe.co,Y Combinator,https://www.ycombinator.com/companies/baseframe,2026-09-06T03:18:21.029694Z
1.0,STARTUP,Basement,2,http://basement.social,Y Combinator,https://www.ycombinator.com/companies/basement,2026-09-06T03:18:21.073103Z
1.0,STARTUP,Baseline AI,2,https://www.baselinetrials.com/,Y Combinator,https://www.ycombinator.com/companies/baseline-ai,2026-09-06T03:18:21.121182Z
1.0,STARTUP,Basedash,6,https://www.basedash.com,Y Combinator,https://www.ycombinator.com/companies/basedash,2026-09-06T03:18:21.155092Z
1.0,STARTUP,Balance,70,https://www.getbalance.com,Y Combinator,https://www.ycombinator.com/companies/balance,2026-09-06T03:18:21.339403Z
1.0,STARTUP,Basepilot,2,https://www.basepilot.com/,Y Combinator,https://www.ycombinator.com/companies/basepilot,2026-09-06T03:18:21.439866Z
1.0,STARTUP,Baubap,150,https://www.baubap.com,Y Combinator,https://www.ycombinator.com/companies/baubap,2026-09-06T03:18:21.480905Z
1.0,STARTUP,Basilica,2,https://www.basilica.ai,Y Combinator,https://www.ycombinator.com/companies/basilica,2026-09-06T03:18:21.505612Z
1.0,STARTUP,Baserun,2,https://baserun.ai,Y Combinator,https://www.ycombinator.com/companies/baserun,2026-09-06T03:18:21.536396Z
1.0,STARTUP,Baud,3,https://baudlabs.ai,Y Combinator,https://www.ycombinator.com/companies/baud,2026-09-06T03:18:21.588387Z
1.0,STARTUP,Bayes Impact,11,http://bayesimpact.org,Y Combinator,https://www.ycombinator.com/companies/bayes-impact,2026-09-06T03:18:22.308581Z
1.0,STARTUP,Beam,5,https://beam.cloud,Y Combinator,https://www.ycombinator.com/companies/beam,2026-09-06T03:18:22.417543Z
1.0,STARTUP,BBy,70,http://www.bbymilk.com,Y Combinator,https://www.ycombinator.com/companies/bby,2026-09-06T03:18:22.447284Z
1.0,STARTUP,Beacons,35,https://beacons.ai/,Y Combinator,https://www.ycombinator.com/companies/beacons,2026-09-06T03:18:22.474674Z
1.0,STARTUP,Bear Flag Robotics,10,http://bearflagrobotics.com/,Y Combinator,https://www.ycombinator.com/companies/bear-flag-robotics,2026-09-06T03:18:22.498932Z
1.0,STARTUP,BeGo,65,http://www.bego.ai,Y Combinator,https://www.ycombinator.com/companies/be-go,2026-09-06T03:18:22.523154Z
1.0,STARTUP,Beanstalk,15,http://beanstalk.farm,Y Combinator,https://www.ycombinator.com/companies/beanstalk,2026-09-06T03:18:22.547462Z
1.0,STARTUP,Bayes,4,http://bayes.com,Y Combinator,https://www.ycombinator.com/companies/bayes,2026-09-06T03:18:22.584815Z
1.0,STARTUP,Beacon Health,2,https://www.beaconhealth.ai/,Y Combinator,https://www.ycombinator.com/companies/beacon-health,2026-09-06T03:18:22.668688Z
1.0,STARTUP,BeatDeck,2,http://beatdeck.com,Y Combinator,https://www.ycombinator.com/companies/beatdeck,2026-09-06T03:18:22.997948Z
1.0,STARTUP,Bayesline,3,https://bayesline.com,Y Combinator,https://www.ycombinator.com/companies/bayesline,2026-09-06T03:18:23.047227Z
1.0,STARTUP,Beetailer,2,http://beetailer.com,Y Combinator,https://www.ycombinator.com/companies/beetailer,2026-09-06T03:18:23.158891Z
1.0,STARTUP,Beeper,16,https://beeper.com,Y Combinator,https://www.ycombinator.com/companies/beeper,2026-09-06T03:18:23.192526Z
1.0,STARTUP,Beek,32,https://www.beek.io,Y Combinator,https://www.ycombinator.com/companies/beek,2026-09-06T03:18:23.218616Z
1.0,STARTUP,BeeBettor,2,https://beebettor.com,Y Combinator,https://www.ycombinator.com/companies/beebettor,2026-09-06T03:18:23.248757Z
1.0,STARTUP,Beau,5,https://beau.to,Y Combinator,https://www.ycombinator.com/companies/beau,2026-09-06T03:18:23.285942Z
1.0,STARTUP,BeeSafe AI,3,https://beesafe.ai/,Y Combinator,https://www.ycombinator.com/companies/beesafe-ai,2026-09-06T03:18:23.320041Z
1.0,STARTUP,Beep,2,http://www.beepnetworks.com,Y Combinator,https://www.ycombinator.com/companies/beep,2026-09-06T03:18:23.485277Z
1.0,STARTUP,Beglaubigt.de,15,https://beglaubigt.de/en-us,Y Combinator,https://www.ycombinator.com/companies/beglaubigtde,2026-09-06T03:18:23.659890Z
1.0,STARTUP,Bellabeat,134,http://bellabeat.com,Y Combinator,https://www.ycombinator.com/companies/bellabeat,2026-09-06T03:18:23.788064Z
1.0,STARTUP,BelozFi,29,https://www.belozfi.com.mx/,Y Combinator,https://www.ycombinator.com/companies/belozfi,2026-09-06T03:18:23.834611Z
1.0,STARTUP,Beluga,3,https://www.trybeluga.ai/,Y Combinator,https://www.ycombinator.com/companies/beluga,2026-09-06T03:18:23.923686Z
1.0,STARTUP,Bemlo,13,https://www.bemlo.com/en,Y Combinator,https://www.ycombinator.com/companies/bemlo,2026-09-06T03:18:24.073588Z
1.0,STARTUP,Belvedir,1,https://belvedir.ai/,Y Combinator,https://www.ycombinator.com/companies/belvedir,2026-09-06T03:18:24.111237Z
1.0,STARTUP,Belvo,100,https://belvo.com,Y Combinator,https://www.ycombinator.com/companies/belvo,2026-09-06T03:18:24.142352Z
1.0,STARTUP,Ben,2,https://ben.co,Y Combinator,https://www.ycombinator.com/companies/ben,2026-09-06T03:18:24.168999Z
1.0,STARTUP,Benchify,4,https://www.benchify.com,Y Combinator,https://www.ycombinator.com/companies/benchify,2026-09-06T03:18:24.246404Z
1.0,STARTUP,Benchling,750,http://benchling.com,Y Combinator,https://www.ycombinator.com/companies/benchling,2026-09-06T03:18:24.273010Z
1.0,STARTUP,Benchmark,7,https://withbenchmark.com/,Y Combinator,https://www.ycombinator.com/companies/benchmark,2026-09-06T03:18:24.470398Z
1.0,STARTUP,Bensen,2,http://www.bensen.ai,Y Combinator,https://www.ycombinator.com/companies/bensen,2026-09-06T03:18:24.506043Z
1.0,STARTUP,Benepass,45,http://www.getbenepass.com,Y Combinator,https://www.ycombinator.com/companies/benepass,2026-09-06T03:18:24.556011Z
1.0,STARTUP,Benson,3,https://www.meetbenson.com/,Y Combinator,https://www.ycombinator.com/companies/benson,2026-09-06T03:18:24.588386Z
1.0,STARTUP,Bentocart,3,https://www.bentocart.com,Y Combinator,https://www.ycombinator.com/companies/bentocart,2026-09-06T03:18:24.757135Z
1.0,STARTUP,BentoLabs AI,5,https://bentolabs.ai/,Y Combinator,https://www.ycombinator.com/companies/bentolabs-ai,2026-09-06T03:18:24.796320Z
1.0,STARTUP,Berbix,39,https://www.berbix.com,Y Combinator,https://www.ycombinator.com/companies/berbix,2026-09-06T03:18:24.823507Z
1.0,STARTUP,Bento,,http://trybento.co/,Y Combinator,https://www.ycombinator.com/companies/bento,2026-09-06T03:18:24.849476Z
1.0,STARTUP,Berry,8,https://berryai.com/,Y Combinator,https://www.ycombinator.com/companies/berry,2026-09-06T03:18:24.995260Z
1.0,STARTUP,Bernard,9,https://bernardhq.com/,Y Combinator,https://www.ycombinator.com/companies/bernard,2026-09-06T03:18:25.080448Z
1.0,STARTUP,Better Opinions,12,https://betteropinions.in/,Y Combinator,https://www.ycombinator.com/companies/better-opinions,2026-09-06T03:18:25.197011Z
1.0,STARTUP,Besimple AI,6,https://besimple.ai/,Y Combinator,https://www.ycombinator.com/companies/besimple-ai,2026-09-06T03:18:25.312422Z
1.0,STARTUP,Better Auth,4,https://better-auth.com/,Y Combinator,https://www.ycombinator.com/companies/better-auth,2026-09-06T03:18:25.363972Z
1.0,STARTUP,BetterBasket,5,http://www.betterbasket.com,Y Combinator,https://www.ycombinator.com/companies/betterbasket,2026-09-06T03:18:25.462183Z
1.0,STARTUP,Betterhalf,25,https://betterhalf.ai,Y Combinator,https://www.ycombinator.com/companies/betterhalf,2026-09-06T03:18:25.582044Z
1.0,STARTUP,beU delivery,300,https://beudelivery.com/,Y Combinator,https://www.ycombinator.com/companies/beu-delivery,2026-09-06T03:18:25.612560Z
1.0,STARTUP,BeWell Digital,2,http://www.bewelldigital.com,Y Combinator,https://www.ycombinator.com/companies/bewell-digital,2026-09-06T03:18:25.637151Z
1.0,STARTUP,Beyond Aero,80,https://www.beyond-aero.com/,Y Combinator,https://www.ycombinator.com/companies/beyond-aero,2026-09-06T03:18:25.697168Z
1.0,STARTUP,Beyond Reach Labs,8,https://www.beyondreachlabs.com,Y Combinator,https://www.ycombinator.com/companies/beyond-reach-labs,2026-09-06T03:18:25.775981Z
1.0,STARTUP,Bezel,1,https://www.trybezel.com/,Y Combinator,https://www.ycombinator.com/companies/bezel,2026-09-06T03:18:25.906923Z
1.0,STARTUP,BharatX,14,https://bharatx.tech/,Y Combinator,https://www.ycombinator.com/companies/bharatx,2026-09-06T03:18:26.032928Z
1.0,STARTUP,BHRD,3,http://bhrdglobal.com,Y Combinator,https://www.ycombinator.com/companies/bhrd,2026-09-06T03:18:26.145369Z
1.0,STARTUP,Bilanc,3,https://www.bilanc.co,Y Combinator,https://www.ycombinator.com/companies/bilanc,2026-09-06T03:18:26.698447Z
1.0,STARTUP,Bicycle AI,11,http://bicycleai.com,Y Combinator,https://www.ycombinator.com/companies/bicycle-ai,2026-09-06T03:18:26.742887Z
1.0,STARTUP,Bikry,25,https://bikry.com/,Y Combinator,https://www.ycombinator.com/companies/bikry,2026-09-06T03:18:26.844441Z
1.0,STARTUP,Bild AI,9,https://www.bild.ai,Y Combinator,https://www.ycombinator.com/companies/bild-ai,2026-09-06T03:18:26.904867Z
1.0,STARTUP,BIK,55,https://bik.ai/,Y Combinator,https://www.ycombinator.com/companies/bik,2026-09-06T03:18:26.952427Z
1.0,STARTUP,Bifrost,4,https://www.hapi.finance/,Y Combinator,https://www.ycombinator.com/companies/bifrost,2026-09-06T03:18:27.025752Z
1.0,STARTUP,BiggerPicture,9,http://biggerpicture.co,Y Combinator,https://www.ycombinator.com/companies/biggerpicture,2026-09-06T03:18:27.075625Z
1.0,STARTUP,Bidflow,2,https://usebidflow.com,Y Combinator,https://www.ycombinator.com/companies/bidflow,2026-09-06T03:18:27.107374Z
1.0,STARTUP,Billforward,8,https://www.billforward.io/,Y Combinator,https://www.ycombinator.com/companies/billforward,2026-09-06T03:18:27.133082Z
1.0,STARTUP,Bikanta,2,http://bikanta.com,Y Combinator,https://www.ycombinator.com/companies/bikanta,2026-09-06T03:18:27.406445Z
1.0,STARTUP,BillionToOne,300,https://www.billiontoone.com,Y Combinator,https://www.ycombinator.com/companies/billiontoone,2026-09-06T03:18:27.445191Z
1.0,STARTUP,Billow AI Labs,,https://thebillow.ai/,Y Combinator,https://www.ycombinator.com/companies/billow-ai-labs,2026-09-06T03:18:27.481259Z
1.0,STARTUP,Bimaplan,30,https://www.bimaplan.co,Y Combinator,https://www.ycombinator.com/companies/bimaplan,2026-09-06T03:18:27.597520Z
1.0,STARTUP,Binks,70,https://getbinks.com/,Y Combinator,https://www.ycombinator.com/companies/binks,2026-09-06T03:18:27.625942Z
1.0,STARTUP,Bindwell,13,https://www.bindwell.ai/,Y Combinator,https://www.ycombinator.com/companies/bindwell,2026-09-06T03:18:27.660761Z
1.0,STARTUP,Biobot Analytics,12,http://biobot.io,Y Combinator,https://www.ycombinator.com/companies/biobot-analytics,2026-09-06T03:18:27.690396Z
1.0,STARTUP,Grid,,https://www.crunchbase.com/organization/binary-thumb,Y Combinator,https://www.ycombinator.com/companies/binary-thumb,2026-09-06T03:18:27.715879Z
1.0,STARTUP,Biocogniv,6,http://biocogniv.com,Y Combinator,https://www.ycombinator.com/companies/biocogniv,2026-09-06T03:18:27.937766Z
1.0,STARTUP,Biodock,8,https://www.biodock.ai,Y Combinator,https://www.ycombinator.com/companies/biodock,2026-09-06T03:18:28.024292Z
1.0,STARTUP,Biocartesian,2,https://www.biocartesian.com,Y Combinator,https://www.ycombinator.com/companies/biocartesian,2026-09-06T03:18:28.064998Z
1.0,STARTUP,Biographicon,2,http://biographicon.com,Y Combinator,https://www.ycombinator.com/companies/biographicon,2026-09-06T03:18:28.091087Z
1.0,STARTUP,BioRender,205,https://www.biorender.com,Y Combinator,https://www.ycombinator.com/companies/biorender,2026-09-06T03:18:28.120454Z
1.0,STARTUP,Birch Biosciences,10,http://www.birchbiosciences.com,Y Combinator,https://www.ycombinator.com/companies/birch-biosciences,2026-09-06T03:18:28.349275Z
1.0,STARTUP,BIOS Health,45,https://www.bios.health,Y Combinator,https://www.ycombinator.com/companies/bios-health,2026-09-06T03:18:28.387952Z
1.0,STARTUP,BioStack Platforms,9,https://www.getbiostack.com/,Y Combinator,https://www.ycombinator.com/companies/biostack-platforms,2026-09-06T03:18:28.430328Z
1.0,STARTUP,Bird,500,http://bird.com,Y Combinator,https://www.ycombinator.com/companies/bird,2026-09-06T03:18:28.473083Z
1.0,STARTUP,Birdie,2,https://www.getbirdie.io,Y Combinator,https://www.ycombinator.com/companies/birdie,2026-09-06T03:18:28.505178Z
1.0,STARTUP,Bistrobot,2,http://bistrobot.com,Y Combinator,https://www.ycombinator.com/companies/bistrobot,2026-09-06T03:18:28.782554Z
1.0,STARTUP,Bitaccess,55,http://bitaccess.com,Y Combinator,https://www.ycombinator.com/companies/bitaccess,2026-09-06T03:18:28.820261Z
1.0,STARTUP,BitBoard,2,https://bitboard.work,Y Combinator,https://www.ycombinator.com/companies/bitboard,2026-09-06T03:18:28.859694Z
1.0,STARTUP,BiteSight,4,http://bitesight.com,Y Combinator,https://www.ycombinator.com/companies/bitesight,2026-09-06T03:18:28.897276Z
1.0,STARTUP,Bite Ninja,20,http://www.biteninja.com,Y Combinator,https://www.ycombinator.com/companies/bite-ninja,2026-09-06T03:18:28.980172Z
1.0,STARTUP,Bitnami,75,https://bitnami.com,Y Combinator,https://www.ycombinator.com/companies/bitnami,2026-09-06T03:18:29.136875Z
1.0,STARTUP,BitPatrol,1,https://www.bitpatrol.io/,Y Combinator,https://www.ycombinator.com/companies/bitpatrol,2026-09-06T03:18:29.187356Z
1.0,STARTUP,Bitmovin,145,http://bitmovin.com,Y Combinator,https://www.ycombinator.com/companies/bitmovin,2026-09-06T03:18:29.231480Z
1.0,STARTUP,bitrig,3,https://bitrig.com,Y Combinator,https://www.ycombinator.com/companies/bitrig,2026-09-06T03:18:29.317246Z
1.0,STARTUP,Bitplay,2,http://meetings.io,Y Combinator,https://www.ycombinator.com/companies/bitplay,2026-09-06T03:18:29.474902Z
1.0,STARTUP,Bitrise,243,https://bitrise.io,Y Combinator,https://www.ycombinator.com/companies/bitrise,2026-09-06T03:18:29.513234Z
1.0,STARTUP,BitSample,,,Y Combinator,https://www.ycombinator.com/companies/bitsample,2026-09-06T03:18:29.570892Z
1.0,STARTUP,Bits to Atoms,3,https://bitstoatoms.com/,Y Combinator,https://www.ycombinator.com/companies/bits-to-atoms,2026-09-06T03:18:29.692996Z
1.0,STARTUP,Bits,15,https://www.getbits.app,Y Combinator,https://www.ycombinator.com/companies/bits,2026-09-06T03:18:29.784130Z
1.0,STARTUP,Bitstack,16,https://www.bitstack-app.com,Y Combinator,https://www.ycombinator.com/companies/bitstack,2026-09-06T03:18:29.841299Z
1.0,STARTUP,BlackOakTV,2,https://blackoak.tv,Y Combinator,https://www.ycombinator.com/companies/blackoaktv,2026-09-06T03:18:29.924986Z
1.0,STARTUP,Bizzy,2,http://bizzy.io,Y Combinator,https://www.ycombinator.com/companies/bizzy,2026-09-06T03:18:30.062593Z
1.0,STARTUP,Bizmark,2,https://bizmark.ai,Y Combinator,https://www.ycombinator.com/companies/bizmark,2026-09-06T03:18:30.106387Z
1.0,STARTUP,Blacksmith,3,https://blacksmith.sh/,Y Combinator,https://www.ycombinator.com/companies/blacksmith,2026-09-06T03:18:30.264025Z
1.0,STARTUP,Blair,10,https://joinblair.com/,Y Combinator,https://www.ycombinator.com/companies/blair,2026-09-06T03:18:30.298873Z
1.0,STARTUP,Bland AI,65,https://bland.com,Y Combinator,https://www.ycombinator.com/companies/bland-ai,2026-09-06T03:18:30.373034Z
1.0,STARTUP,Blank Bio,6,http://blank.bio/,Y Combinator,https://www.ycombinator.com/companies/blank-bio,2026-09-06T03:18:30.422328Z
1.0,STARTUP,Blaxel,8,https://blaxel.ai,Y Combinator,https://www.ycombinator.com/companies/blaxel,2026-09-06T03:18:30.555040Z
1.0,STARTUP,Blissway,22,https://www.blissway.com/,Y Combinator,https://www.ycombinator.com/companies/blissway,2026-09-06T03:18:31.220888Z
1.0,STARTUP,BlitzIQ,,http://www.blitziq.com,Y Combinator,https://www.ycombinator.com/companies/blitziq,2026-09-06T03:18:31.304248Z
1.0,STARTUP,Blitz,4,https://www.blitznocode.com/,Y Combinator,https://www.ycombinator.com/companies/blitz,2026-09-06T03:18:31.351416Z
1.0,STARTUP,Blee,15,https://www.blee.com,Y Combinator,https://www.ycombinator.com/companies/blee,2026-09-06T03:18:31.380172Z
1.0,STARTUP,Blink,5,https://www.blinklastmile.com/en/,Y Combinator,https://www.ycombinator.com/companies/blink,2026-09-06T03:18:31.407295Z
1.0,STARTUP,BlindPay,9,https://blindpay.com/,Y Combinator,https://www.ycombinator.com/companies/blindpay,2026-09-06T03:18:31.438431Z
1.0,STARTUP,Blaze,10,https://withblaze.app/,Y Combinator,https://www.ycombinator.com/companies/blaze,2026-09-06T03:18:31.468011Z
1.0,STARTUP,Blitz Esports,11,http://blitzesports.com,Y Combinator,https://www.ycombinator.com/companies/blitz-esports,2026-09-06T03:18:31.499590Z
1.0,STARTUP,Blitzllama,7,https://www.blitzllama.com/,Y Combinator,https://www.ycombinator.com/companies/blitzllama,2026-09-06T03:18:31.876224Z
1.0,STARTUP,Blixo,2,https://blixo.com,Y Combinator,https://www.ycombinator.com/companies/blixo,2026-09-06T03:18:31.991777Z
1.0,STARTUP,Blockscope,4,https://www.blockscope.co/,Y Combinator,https://www.ycombinator.com/companies/blockscope,2026-09-06T03:18:32.071957Z
1.0,STARTUP,Blockstamp,2,https://www.blockstampsf.com/,Y Combinator,https://www.ycombinator.com/companies/blockstamp,2026-09-06T03:18:32.103144Z
1.0,STARTUP,Blok,2,https://blok.fit,Y Combinator,https://www.ycombinator.com/companies/blok,2026-09-06T03:18:32.172338Z
1.0,STARTUP,Blockspring,3,http://blockspring.com,Y Combinator,https://www.ycombinator.com/companies/blockspring,2026-09-06T03:18:32.228864Z
1.0,STARTUP,Bloom,8,https://bloomapp.com,Y Combinator,https://www.ycombinator.com/companies/bloom-3,2026-09-06T03:18:32.438091Z
1.0,STARTUP,Bloom Institute of Technology,50,https://www.bloomtech.com,Y Combinator,https://www.ycombinator.com/companies/bloom-institute-of-technology,2026-09-06T03:18:32.494298Z
1.0,STARTUP,BloomAPI,7,https://www.bloomtext.com,Y Combinator,https://www.ycombinator.com/companies/bloomapi,2026-09-06T03:18:32.716260Z
1.0,STARTUP,BloomThat,11,http://bloomthat.com,Y Combinator,https://www.ycombinator.com/companies/bloomthat,2026-09-06T03:18:32.742789Z
1.0,STARTUP,Bloomy,1,https://bloomylearning.com/,Y Combinator,https://www.ycombinator.com/companies/bloomy,2026-09-06T03:18:32.771511Z
1.0,STARTUP,Blue Onion,27,https://www.blueonion.ai/,Y Combinator,https://www.ycombinator.com/companies/blue-onion,2026-09-06T03:18:32.870515Z
1.0,STARTUP,Blue,6,https://heyblue.com/,Y Combinator,https://www.ycombinator.com/companies/blue,2026-09-06T03:18:32.973816Z
1.0,STARTUP,Blue Frog Gaming,11,http://bluefroggaming.com,Y Combinator,https://www.ycombinator.com/companies/blue-frog-gaming,2026-09-06T03:18:32.996945Z
1.0,STARTUP,Blueberry Pediatrics,15,https://blueberrypediatrics.com,Y Combinator,https://www.ycombinator.com/companies/blueberry-pediatrics,2026-09-06T03:18:33.020176Z
1.0,STARTUP,Bluebirds,6,https://bluebirds.com,Y Combinator,https://www.ycombinator.com/companies/bluebirds,2026-09-06T03:18:33.218800Z
1.0,STARTUP,Bluebook,4,https://getbluebook.com,Y Combinator,https://www.ycombinator.com/companies/bluebook,2026-09-06T03:18:33.259631Z
1.0,STARTUP,BlueCargo,35,http://www.bluecargo.io/,Y Combinator,https://www.ycombinator.com/companies/bluecargo,2026-09-06T03:18:33.290640Z
1.0,STARTUP,Bluedoor,1,https://bluedoor.sh/,Y Combinator,https://www.ycombinator.com/companies/bluedoor,2026-09-06T03:18:33.320552Z
1.0,STARTUP,Bluecrew,100,http://bluecrewjobs.com,Y Combinator,https://www.ycombinator.com/companies/bluecrew,2026-09-06T03:18:33.343375Z
1.0,STARTUP,Bluedot,15,https://thebluedot.co/,Y Combinator,https://www.ycombinator.com/companies/bluedot,2026-09-06T03:18:33.521167Z
1.0,STARTUP,BlueHill Payments,2,https://www.useBlueHill.com/,Y Combinator,https://www.ycombinator.com/companies/bluehill-payments,2026-09-06T03:18:33.657852Z
1.0,STARTUP,Blueshoe,2,https://blueshoe.com,Y Combinator,https://www.ycombinator.com/companies/blueshoe,2026-09-06T03:18:33.756145Z
1.0,STARTUP,Bluejay,10,https://getbluejay.ai/,Y Combinator,https://www.ycombinator.com/companies/bluejay,2026-09-06T03:18:33.856156Z
1.0,STARTUP,Bluelight,3,https://usebluelight.com/,Y Combinator,https://www.ycombinator.com/companies/bluelight,2026-09-06T03:18:33.884141Z
1.0,STARTUP,Bluma,2,https://www.getbluma.com,Y Combinator,https://www.ycombinator.com/companies/bluma,2026-09-06T03:18:33.914749Z
1.0,STARTUP,Blume Benefits,3,https://www.blumebenefits.com/,Y Combinator,https://www.ycombinator.com/companies/blume-benefits,2026-09-06T03:18:34.071363Z
1.0,STARTUP,Blyss,2,https://blyss.dev/,Y Combinator,https://www.ycombinator.com/companies/blyss,2026-09-06T03:18:34.177084Z
1.0,STARTUP,Bluesmart,51,http://bluesmart.com,Y Combinator,https://www.ycombinator.com/companies/bluesmart,2026-09-06T03:18:34.203186Z
1.0,STARTUP,BLUUMBIO,4,http://www.bluumbio.com,Y Combinator,https://www.ycombinator.com/companies/bluumbio,2026-09-06T03:18:34.272979Z
1.0,STARTUP,Boardcave,6,http://www.boardcave.com,Y Combinator,https://www.ycombinator.com/companies/boardcave,2026-09-06T03:18:34.403280Z
1.0,STARTUP,Bobidi,7,http://www.upswell.ai,Y Combinator,https://www.ycombinator.com/companies/bobidi,2026-09-06T03:18:34.444951Z
1.0,STARTUP,Bodyport,19,http://bodyport.com,Y Combinator,https://www.ycombinator.com/companies/bodyport,2026-09-06T03:18:34.631976Z
1.0,STARTUP,boitas.com,35,http://www.boitas.com,Y Combinator,https://www.ycombinator.com/companies/boitas-com,2026-09-06T03:18:34.660647Z
1.0,STARTUP,BoldVoice,12,https://boldvoice.com,Y Combinator,https://www.ycombinator.com/companies/boldvoice,2026-09-06T03:18:34.693152Z
1.0,STARTUP,Bolna AI,21,https://bolna.ai,Y Combinator,https://www.ycombinator.com/companies/bolna-ai,2026-09-06T03:18:34.729407Z
1.0,STARTUP,Bolster,25,https://bolsterbuilt.com,Y Combinator,https://www.ycombinator.com/companies/bolster,2026-09-06T03:18:34.754708Z
1.0,STARTUP,Bolto,20,https://www.bolto.com,Y Combinator,https://www.ycombinator.com/companies/bolto,2026-09-06T03:18:34.973990Z
1.0,STARTUP,Bond,3,https://www.bondapp.io/,Y Combinator,https://www.ycombinator.com/companies/bond,2026-09-06T03:18:35.012423Z
1.0,STARTUP,BookSolid,,http://booksolid.com,Y Combinator,https://www.ycombinator.com/companies/booksolid,2026-09-06T03:18:35.518647Z
1.0,STARTUP,Bonsai,25,https://www.hellobonsai.com,Y Combinator,https://www.ycombinator.com/companies/bonsai,2026-09-06T03:18:35.656934Z
1.0,STARTUP,Booko,2,https://bookoapp.com,Y Combinator,https://www.ycombinator.com/companies/booko,2026-09-06T03:18:35.724208Z
1.0,STARTUP,Boostable,11,http://boostable.com,Y Combinator,https://www.ycombinator.com/companies/boostable,2026-09-06T03:18:35.769111Z
1.0,STARTUP,Boost Biomes,12,http://boostbiomes.com,Y Combinator,https://www.ycombinator.com/companies/boost-biomes,2026-09-06T03:18:35.803434Z
1.0,STARTUP,Bonfire,95,http://GoBonfire.com,Y Combinator,https://www.ycombinator.com/companies/bonfire,2026-09-06T03:18:35.829858Z
1.0,STARTUP,Boost Robotics,2,https://www.boostrobotics.ai,Y Combinator,https://www.ycombinator.com/companies/boost-robotics,2026-09-06T03:18:35.859638Z
1.0,STARTUP,Boom,227,https://boomsupersonic.com/,Y Combinator,https://www.ycombinator.com/companies/boom,2026-09-06T03:18:35.882444Z
1.0,STARTUP,Boom AI,3,https://useboom.ai,Y Combinator,https://www.ycombinator.com/companies/boom-ai,2026-09-06T03:18:35.908891Z
1.0,STARTUP,Booktrope,51,http://booktrope.com,Y Combinator,https://www.ycombinator.com/companies/booktrope,2026-09-06T03:18:35.932523Z
1.0,STARTUP,Boosted,51,http://boostedboards.com,Y Combinator,https://www.ycombinator.com/companies/boosted,2026-09-06T03:18:36.287545Z
1.0,STARTUP,Boostly,50,https://boostly.com,Y Combinator,https://www.ycombinator.com/companies/boostly,2026-09-06T03:18:36.400498Z
1.0,STARTUP,BootLoop,3,https://bootloop.ai/,Y Combinator,https://www.ycombinator.com/companies/bootloop,2026-09-06T03:18:36.447969Z
1.0,STARTUP,Bop.fm,2,http://bop.fm,Y Combinator,https://www.ycombinator.com/companies/bop-fm,2026-09-06T03:18:36.473680Z
1.0,STARTUP,Booth AI,3,https://booth.ai,Y Combinator,https://www.ycombinator.com/companies/booth-ai,2026-09-06T03:18:36.561530Z
1.0,STARTUP,Botin,3,https://www.botin.app,Y Combinator,https://www.ycombinator.com/companies/botin,2026-09-06T03:18:36.694395Z
1.0,STARTUP,BotCity,35,https://botcity.dev,Y Combinator,https://www.ycombinator.com/companies/botcity,2026-09-06T03:18:36.726386Z
1.0,STARTUP,borong,80,https://www.borong.com/,Y Combinator,https://www.ycombinator.com/companies/borong,2026-09-06T03:18:36.752632Z
1.0,STARTUP,Bot MD,15,https://www.botmd.io,Y Combinator,https://www.ycombinator.com/companies/bot-md,2026-09-06T03:18:36.784913Z
1.0,STARTUP,BotBuilt,8,https://www.botbuilt.com,Y Combinator,https://www.ycombinator.com/companies/botbuilt,2026-09-06T03:18:36.871958Z
1.0,STARTUP,Boton,3,https://www.botonapp.com/,Y Combinator,https://www.ycombinator.com/companies/boton,2026-09-06T03:18:37.170057Z
1.0,STARTUP,Bottomless,2,https://bottomless.com,Y Combinator,https://www.ycombinator.com/companies/bottomless,2026-09-06T03:18:37.253310Z
1.0,STARTUP,Boundary,10,https://www.boundaryml.com,Y Combinator,https://www.ycombinator.com/companies/boundary,2026-09-06T03:18:37.295241Z
1.0,STARTUP,Bouncer,2,https://www.getbouncer.com/,Y Combinator,https://www.ycombinator.com/companies/bouncer,2026-09-06T03:18:37.322277Z
1.0,STARTUP,Bountiful,4,https://bountiful.ag/,Y Combinator,https://www.ycombinator.com/companies/bountiful,2026-09-06T03:18:37.407507Z
1.0,STARTUP,Bountii,2,http://bountii.com,Y Combinator,https://www.ycombinator.com/companies/bountii,2026-09-06T03:18:37.593336Z
1.0,STARTUP,Brace,,http://brace.io,Y Combinator,https://www.ycombinator.com/companies/brace,2026-09-06T03:18:37.628529Z
1.0,STARTUP,Boya,9,https://boyahq.com/,Y Combinator,https://www.ycombinator.com/companies/boya,2026-09-06T03:18:37.664410Z
1.0,STARTUP,boxouse,2,http://boxouse.com,Y Combinator,https://www.ycombinator.com/companies/boxouse,2026-09-06T03:18:37.688907Z
1.0,STARTUP,Bracket,3,https://www.usebracket.com/,Y Combinator,https://www.ycombinator.com/companies/bracket,2026-09-06T03:18:37.943715Z
1.0,STARTUP,Brainbase Labs,4,https://brainbaselabs.com,Y Combinator,https://www.ycombinator.com/companies/brainbase-labs,2026-09-06T03:18:37.998993Z
1.0,STARTUP,BrainKey,20,https://www.brainkey.ai/,Y Combinator,https://www.ycombinator.com/companies/brainkey,2026-09-06T03:18:38.034724Z
1.0,STARTUP,BrainHi,18,https://www.brainhi.com,Y Combinator,https://www.ycombinator.com/companies/brainhi,2026-09-06T03:18:38.068068Z
1.0,STARTUP,Brainboard,9,https://www.brainboard.co,Y Combinator,https://www.ycombinator.com/companies/brainboard,2026-09-06T03:18:38.151444Z
1.0,STARTUP,BrainTripping,1,https://braintripping.com,Y Combinator,https://www.ycombinator.com/companies/braintripping,2026-09-06T03:18:38.318837Z
1.0,STARTUP,Branch AI,3,https://www.branch-ai.com,Y Combinator,https://www.ycombinator.com/companies/branch-ai,2026-09-06T03:18:38.460672Z
1.0,STARTUP,Bramante,2,https://www.bramantebio.com,Y Combinator,https://www.ycombinator.com/companies/bramante,2026-09-06T03:18:38.496397Z
1.0,STARTUP,Brave Care,90,http://www.bravecare.com,Y Combinator,https://www.ycombinator.com/companies/brave-care,2026-09-06T03:18:38.525471Z
1.0,STARTUP,Branch8,15,https://www.branch8.com,Y Combinator,https://www.ycombinator.com/companies/branch8,2026-09-06T03:18:38.548152Z
1.0,STARTUP,Bravi,2,https://www.bravi.app/,Y Combinator,https://www.ycombinator.com/companies/bravi,2026-09-06T03:18:38.883683Z
1.0,STARTUP,Breadfast,10000,https://www.breadfast.com,Y Combinator,https://www.ycombinator.com/companies/breadfast,2026-09-06T03:18:38.916727Z
1.0,STARTUP,Breaker,1,https://www.breaker.audio,Y Combinator,https://www.ycombinator.com/companies/breaker,2026-09-06T03:18:38.943850Z
1.0,STARTUP,Breathe Well-being,15,http://www.breathewellbeing.in,Y Combinator,https://www.ycombinator.com/companies/breathe-well-being,2026-09-06T03:18:39.133335Z
1.0,STARTUP,Breadcrumbs.io,20,http://www.breadcrumbs.io,Y Combinator,https://www.ycombinator.com/companies/breadcrumbs-io,2026-09-06T03:18:39.193512Z
1.0,STARTUP,Bree,2,https://www.trybree.com/,Y Combinator,https://www.ycombinator.com/companies/bree,2026-09-06T03:18:39.229883Z
1.0,STARTUP,Breezeful,6,https://breezeful.com/,Y Combinator,https://www.ycombinator.com/companies/breezeful,2026-09-06T03:18:39.257234Z
1.0,STARTUP,Brevy,8,https://brevy.com/,Y Combinator,https://www.ycombinator.com/companies/brevy,2026-09-06T03:18:39.284447Z
1.0,STARTUP,Bretton AI,34,https://www.bretton.com/,Y Combinator,https://www.ycombinator.com/companies/bretton-ai,2026-09-06T03:18:39.318236Z
1.0,STARTUP,Breez Labs,2,https://www.breezlabs.com/,Y Combinator,https://www.ycombinator.com/companies/breez-labs,2026-09-06T03:18:39.346489Z
1.0,STARTUP,Brewit,4,https://brewit.ai/,Y Combinator,https://www.ycombinator.com/companies/brewit,2026-09-06T03:18:39.693537Z
1.0,STARTUP,Brick Health,1,https://brick.health,Y Combinator,https://www.ycombinator.com/companies/brick-health,2026-09-06T03:18:40.383647Z
1.0,STARTUP,BrioHR,35,https://briohr.com/,Y Combinator,https://www.ycombinator.com/companies/briohr,2026-09-06T03:18:40.484816Z
1.0,STARTUP,Brex,1000,https://www.brex.com,Y Combinator,https://www.ycombinator.com/companies/brex,2026-09-06T03:18:40.574179Z
1.0,STARTUP,Brickwise,2,https://www.brickwiseai.com,Y Combinator,https://www.ycombinator.com/companies/brickwise,2026-09-06T03:18:40.730601Z
1.0,STARTUP,Bright,100,https://www.thinkbright.mx,Y Combinator,https://www.ycombinator.com/companies/bright,2026-09-06T03:18:40.760117Z
1.0,STARTUP,Briefer,2,https://briefer.cloud,Y Combinator,https://www.ycombinator.com/companies/briefer,2026-09-06T03:18:40.791636Z
1.0,STARTUP,Brighterway,14,https://www.brighterway.ai/,Y Combinator,https://www.ycombinator.com/companies/brighterway,2026-09-06T03:18:40.878697Z
1.0,STARTUP,BricksAI,2,https://www.trybricks.ai/,Y Combinator,https://www.ycombinator.com/companies/bricksai,2026-09-06T03:18:40.933933Z
1.0,STARTUP,Bridgecard,5,https://bridgecard.cards,Y Combinator,https://www.ycombinator.com/companies/bridgecard,2026-09-06T03:18:40.964146Z
1.0,STARTUP,Brickanta,11,https://www.brickanta.com,Y Combinator,https://www.ycombinator.com/companies/brickanta,2026-09-06T03:18:40.997919Z
1.0,STARTUP,Broad,5,http://www.broad.app,Y Combinator,https://www.ycombinator.com/companies/broad,2026-09-06T03:18:41.338409Z
1.0,STARTUP,Bristle,6,https://bristlehealth.com/,Y Combinator,https://www.ycombinator.com/companies/bristle,2026-09-06T03:18:41.377090Z
1.0,STARTUP,Brite,15,https://britebenefits.com/,Y Combinator,https://www.ycombinator.com/companies/brite,2026-09-06T03:18:41.406614Z
1.0,STARTUP,Broccoli AI,85,https://www.broccoli.com/,Y Combinator,https://www.ycombinator.com/companies/broccoli-ai,2026-09-06T03:18:41.581245Z
1.0,STARTUP,Bronco AI,5,https://www.bronco.ai/,Y Combinator,https://www.ycombinator.com/companies/bronco-ai,2026-09-06T03:18:41.656579Z
1.0,STARTUP,Bron,2,https://askbron.ai/,Y Combinator,https://www.ycombinator.com/companies/bron,2026-09-06T03:18:41.714306Z
1.0,STARTUP,Browser Use,7,https://techcrunch.com/2025/03/23/browser-use-the-tool-making-it-easier-for-ai-agents-to-navigate-websites-raises-17m/,Y Combinator,https://www.ycombinator.com/companies/browser-use,2026-09-06T03:18:41.885392Z
1.0,STARTUP,IncidentFox,2,https://incidentfox.ai,Y Combinator,https://www.ycombinator.com/companies/brownie,2026-09-06T03:18:41.992475Z
1.0,STARTUP,Browser Buddy,2,https://www.browserbuddy.com/,Y Combinator,https://www.ycombinator.com/companies/browser-buddy,2026-09-06T03:18:42.037209Z
1.0,STARTUP,Brown Foods,5,https://unrealmilk.com/,Y Combinator,https://www.ycombinator.com/companies/brown-foods,2026-09-06T03:18:42.084149Z
1.0,STARTUP,Brumby (Formerly GrazeMate),3,https://brumby,Y Combinator,https://www.ycombinator.com/companies/brumby,2026-09-06T03:18:42.259608Z
1.0,STARTUP,Brushes,,http://brushesapp.com,Y Combinator,https://www.ycombinator.com/companies/brushes,2026-09-06T03:18:42.351345Z
1.0,STARTUP,BrowserOS,4,https://BrowserOS.com/,Y Combinator,https://www.ycombinator.com/companies/browseros,2026-09-06T03:18:42.408228Z
1.0,STARTUP,Bucket Robotics,7,https://bucket.bot,Y Combinator,https://www.ycombinator.com/companies/bucket-robotics,2026-09-06T03:18:42.460280Z
1.0,STARTUP,Bubble Lab,2,https://bubblelab.ai/,Y Combinator,https://www.ycombinator.com/companies/bubble-lab,2026-09-06T03:18:42.550260Z
1.0,STARTUP,Bud,6,https://bud.app/,Y Combinator,https://www.ycombinator.com/companies/bud,2026-09-06T03:18:42.731969Z
1.0,STARTUP,BufferBox,2,http://bufferbox.com,Y Combinator,https://www.ycombinator.com/companies/bufferbox,2026-09-06T03:18:42.829391Z
1.0,STARTUP,Bueno Finance,18,https://buenofinanceinc.com,Y Combinator,https://www.ycombinator.com/companies/bueno-finance,2026-09-06T03:18:42.876395Z
1.0,STARTUP,Buildbox,2,https://heybuildbox.com,Y Combinator,https://www.ycombinator.com/companies/buildbox,2026-09-06T03:18:42.932888Z
1.0,STARTUP,BuildBuddy,15,https://buildbuddy.io,Y Combinator,https://www.ycombinator.com/companies/buildbuddy,2026-09-06T03:18:43.176920Z
1.0,STARTUP,BuildJet,2,https://buildjet.com,Y Combinator,https://www.ycombinator.com/companies/buildjet,2026-09-06T03:18:43.233244Z
1.0,STARTUP,BuildScience,1,http://www.buildscience.com/,Y Combinator,https://www.ycombinator.com/companies/buildscience,2026-09-06T03:18:43.258864Z
1.0,STARTUP,buildspace,5,https://buildspace.so/,Y Combinator,https://www.ycombinator.com/companies/buildspace,2026-09-06T03:18:43.281154Z
1.0,STARTUP,BuildStream,9,https://buildstream.co,Y Combinator,https://www.ycombinator.com/companies/buildstream,2026-09-06T03:18:43.304838Z
1.0,STARTUP,BuildZoom,100,https://www.buildzoom.com,Y Combinator,https://www.ycombinator.com/companies/buildzoom,2026-09-06T03:18:43.491233Z
1.0,STARTUP,Bujeti,35,https://www.bujeti.com,Y Combinator,https://www.ycombinator.com/companies/bujeti,2026-09-06T03:18:43.542496Z
1.0,STARTUP,Bulldozair,8,https://www.bulldozair.com,Y Combinator,https://www.ycombinator.com/companies/bulldozair,2026-09-06T03:18:43.583298Z
1.0,STARTUP,BukuWarung,250,http://bukuwarung.com/app,Y Combinator,https://www.ycombinator.com/companies/bukuwarung,2026-09-06T03:18:43.608369Z
1.0,STARTUP,Bulk MRO Industrial Supply,170,http://www.bulkmro.com,Y Combinator,https://www.ycombinator.com/companies/bulk-mro-industrial-supply,2026-09-06T03:18:43.715649Z
1.0,STARTUP,Bump,30,http://bumptechnologies.com,Y Combinator,https://www.ycombinator.com/companies/bump,2026-09-06T03:18:43.886190Z
1.0,STARTUP,Bulletin,15,https://bulletin.co,Y Combinator,https://www.ycombinator.com/companies/bulletin,2026-09-06T03:18:43.925888Z
1.0,STARTUP,Bumpline,2,https://bumpline.com/,Y Combinator,https://www.ycombinator.com/companies/bumpline,2026-09-06T03:18:43.952723Z
1.0,STARTUP,Secured,12,https://secured.community,Y Combinator,https://www.ycombinator.com/companies/bump-2,2026-09-06T03:18:43.977021Z
1.0,STARTUP,Bun,13,https://bun.sh,Y Combinator,https://www.ycombinator.com/companies/bun,2026-09-06T03:18:44.000892Z
1.0,STARTUP,Bunkyr,3,https://bunkyr.com,Y Combinator,https://www.ycombinator.com/companies/bunkyr,2026-09-06T03:18:44.258235Z
1.0,STARTUP,Bunkerhill Health,30,http://bunkerhillhealth.com,Y Combinator,https://www.ycombinator.com/companies/bunkerhill-health,2026-09-06T03:18:44.308623Z
1.0,STARTUP,Bunting Labs,2,https://buntinglabs.com,Y Combinator,https://www.ycombinator.com/companies/bunting-labs,2026-09-06T03:18:44.473478Z
1.0,STARTUP,Buoyant Aero,2,https://www.buoyant.aero,Y Combinator,https://www.ycombinator.com/companies/buoyant-aero,2026-09-06T03:18:44.524007Z
1.0,STARTUP,burnt,3,https://getburnt.ai/,Y Combinator,https://www.ycombinator.com/companies/burnt,2026-09-06T03:18:44.568040Z
1.0,STARTUP,Buró de Ingresos,17,https://www.burodeingresos.com/,Y Combinator,https://www.ycombinator.com/companies/buro-de-ingresos,2026-09-06T03:18:44.592887Z
1.0,STARTUP,Buxfer,1,https://www.buxfer.com,Y Combinator,https://www.ycombinator.com/companies/buxfer,2026-09-06T03:18:45.229572Z
1.0,STARTUP,Buttercoin,11,http://buttercoin.com,Y Combinator,https://www.ycombinator.com/companies/buttercoin,2026-09-06T03:18:45.329823Z
1.0,STARTUP,Burrow,60,http://www.burrow.com,Y Combinator,https://www.ycombinator.com/companies/burrow,2026-09-06T03:18:45.377801Z
1.0,STARTUP,Button Computer,1,https://buttoncomputer.com,Y Combinator,https://www.ycombinator.com/companies/button-computer,2026-09-06T03:18:45.422166Z
1.0,STARTUP,Bus.com,90,http://www.bus.com,Y Combinator,https://www.ycombinator.com/companies/bus-com,2026-09-06T03:18:45.454980Z
1.0,STARTUP,Burt,2,https://www.burthq.com/,Y Combinator,https://www.ycombinator.com/companies/burt,2026-09-06T03:18:45.484401Z
1.0,STARTUP,Butter Systems,2,http://buttersystems.com,Y Combinator,https://www.ycombinator.com/companies/butter-systems,2026-09-06T03:18:45.507592Z
1.0,STARTUP,Butter,2,https://butter.dev,Y Combinator,https://www.ycombinator.com/companies/butter,2026-09-06T03:18:45.536204Z
1.0,STARTUP,BusinessOnBot,25,https://www.businessonbot.com/,Y Combinator,https://www.ycombinator.com/companies/businessonbot,2026-09-06T03:18:45.562023Z
1.0,STARTUP,Buy Me a Coffee,30,https://www.buymeacoffee.com/,Y Combinator,https://www.ycombinator.com/companies/buy-me-a-coffee,2026-09-06T03:18:45.587364Z
1.0,STARTUP,BuyPower,115,http://www.buypower.ng,Y Combinator,https://www.ycombinator.com/companies/buypower,2026-09-06T03:18:46.082394Z
1.0,STARTUP,Buzzle,3,https://buzzle.ai,Y Combinator,https://www.ycombinator.com/companies/buzzle,2026-09-06T03:18:46.266554Z
1.0,STARTUP,bxblue,28,http://www.bxblue.com.br,Y Combinator,https://www.ycombinator.com/companies/bxblue,2026-09-06T03:18:46.318982Z
1.0,STARTUP,Bystreet,4,http://www.bystreet.com,Y Combinator,https://www.ycombinator.com/companies/bystreet,2026-09-06T03:18:46.473792Z
1.0,STARTUP,Cabal,8,http://getcabal.com,Y Combinator,https://www.ycombinator.com/companies/cabal,2026-09-06T03:18:46.514325Z
1.0,STARTUP,Byte,30,https://web.thebyte.app/en/,Y Combinator,https://www.ycombinator.com/companies/byte,2026-09-06T03:18:46.553495Z
1.0,STARTUP,C16 Biosciences,35,https://www.c16bio.com/,Y Combinator,https://www.ycombinator.com/companies/c16-biosciences,2026-09-06T03:18:46.594980Z
1.0,STARTUP,Byte Kitchen,5,https://www.bytekitchen.io/,Y Combinator,https://www.ycombinator.com/companies/byte-kitchen,2026-09-06T03:18:46.636128Z
1.0,STARTUP,Byteport,4,https://byteport.com/,Y Combinator,https://www.ycombinator.com/companies/byteport,2026-09-06T03:18:46.674844Z
1.0,STARTUP,Bytebot,3,https://www.bytebot.ai/,Y Combinator,https://www.ycombinator.com/companies/bytebot,2026-09-06T03:18:46.705921Z
1.0,STARTUP,Cache,2,http://www.grabcache.com,Y Combinator,https://www.ycombinator.com/companies/cache,2026-09-06T03:18:47.038362Z
1.0,STARTUP,Caddy,5,https://caddy.app/,Y Combinator,https://www.ycombinator.com/companies/caddy,2026-09-06T03:18:47.167895Z
1.0,STARTUP,Cactus Compute,8,https://www.cactuscompute.com/,Y Combinator,https://www.ycombinator.com/companies/cactus-compute,2026-09-06T03:18:47.201890Z
1.0,STARTUP,Cair Health,6,https://www.cairhealth.com/,Y Combinator,https://www.ycombinator.com/companies/cair-health,2026-09-06T03:18:47.332811Z
1.0,STARTUP,Cadence,2,https://www.cadencework.com,Y Combinator,https://www.ycombinator.com/companies/cadence,2026-09-06T03:18:47.370670Z
1.0,STARTUP,Café,10,https://at.cafe,Y Combinator,https://www.ycombinator.com/companies/cafe,2026-09-06T03:18:47.423124Z
1.0,STARTUP,Cajal,2,https://caj.al/,Y Combinator,https://www.ycombinator.com/companies/cajal-technologies,2026-09-06T03:18:47.479059Z
1.0,STARTUP,Caire Health,3,http://cairehealth.com,Y Combinator,https://www.ycombinator.com/companies/caire-health,2026-09-06T03:18:47.524230Z
1.0,STARTUP,Caelum Health,2,https://caelumhealth.com/,Y Combinator,https://www.ycombinator.com/companies/caelum-health,2026-09-06T03:18:47.569284Z
1.0,STARTUP,Cairns Health,17,https://www.cairns.ai,Y Combinator,https://www.ycombinator.com/companies/cairns-health,2026-09-06T03:18:47.615111Z
1.0,STARTUP,Calii,750,https://calii.com,Y Combinator,https://www.ycombinator.com/companies/calii,2026-09-06T03:18:47.982926Z
1.0,STARTUP,Cakework,2,https://www.cakework.com,Y Combinator,https://www.ycombinator.com/companies/cakework,2026-09-06T03:18:48.012170Z
1.0,STARTUP,California Dreamin,2,https://www.drinkdreamin.com/,Y Combinator,https://www.ycombinator.com/companies/california-dreamin,2026-09-06T03:18:48.036241Z
1.0,STARTUP,Call9,51,http://callnine.com,Y Combinator,https://www.ycombinator.com/companies/call9,2026-09-06T03:18:48.201386Z
1.0,STARTUP,Callback,2,https://getcallback.ai,Y Combinator,https://www.ycombinator.com/companies/callback,2026-09-06T03:18:48.232225Z
1.0,STARTUP,Callbook AI,7,https://callbook.ai,Y Combinator,https://www.ycombinator.com/companies/callbook-ai,2026-09-06T03:18:48.268591Z
1.0,STARTUP,Calltree,14,https://calltree.ai,Y Combinator,https://www.ycombinator.com/companies/calltree,2026-09-06T03:25:25.005978Z
1.0,STARTUP,Callab AI,7,https://callab.ai,Y Combinator,https://www.ycombinator.com/companies/callab-ai,2026-09-06T03:25:25.070177Z
1.0,STARTUP,Cambio,60,https://www.cambio.ai/,Y Combinator,https://www.ycombinator.com/companies/cambio-2,2026-09-06T03:25:25.160863Z
1.0,STARTUP,Camber,101,https://www.camber.health/,Y Combinator,https://www.ycombinator.com/companies/camber-2,2026-09-06T03:25:25.209521Z
1.0,STARTUP,camelAI,3,https://camelai.com/,Y Combinator,https://www.ycombinator.com/companies/camelai,2026-09-06T03:25:25.241027Z
1.0,STARTUP,Cambridge Cancer Genomics,25,http://ccg.ai,Y Combinator,https://www.ycombinator.com/companies/cambridge-cancer-genomics,2026-09-06T03:25:25.267828Z
1.0,STARTUP,Cambly,200,http://www.cambly.com,Y Combinator,https://www.ycombinator.com/companies/cambly,2026-09-06T03:25:25.290773Z
1.0,STARTUP,Camlist,5,https://www.camlist.com,Y Combinator,https://www.ycombinator.com/companies/camelan,2026-09-06T03:25:25.556905Z
1.0,STARTUP,camfer,4,https://www.camfer.dev/,Y Combinator,https://www.ycombinator.com/companies/camfer,2026-09-06T03:25:25.584677Z
1.0,STARTUP,Camp,3,https://nouns.camp,Y Combinator,https://www.ycombinator.com/companies/camp,2026-09-06T03:25:25.609018Z
1.0,STARTUP,Campfire,105,https://campfire.ai,Y Combinator,https://www.ycombinator.com/companies/campfire-2,2026-09-06T03:25:25.637092Z
1.0,STARTUP,Canary,2,https://www.runcanary.ai,Y Combinator,https://www.ycombinator.com/companies/canary,2026-09-06T03:25:25.853080Z
1.0,STARTUP,Canary Technologies,150,https://www.canarytechnologies.com,Y Combinator,https://www.ycombinator.com/companies/canary-technologies,2026-09-06T03:25:25.883746Z
1.0,STARTUP,Candid Health,200,https://www.joincandidhealth.com,Y Combinator,https://www.ycombinator.com/companies/candid-health,2026-09-06T03:25:26.001016Z
1.0,STARTUP,Candor,2,https://www.usecandor.ai,Y Combinator,https://www.ycombinator.com/companies/candor,2026-09-06T03:25:26.048335Z
1.0,STARTUP,Candidately,9,https://www.candidately.com/,Y Combinator,https://www.ycombinator.com/companies/candidately,2026-09-06T03:25:26.074665Z
1.0,STARTUP,Candle,2,https://www.businessinsider.com/y-combinator-startup-founder-million-dollar-idea-biggest-mistake-pivots-2026-6,Y Combinator,https://www.ycombinator.com/companies/candle,2026-09-06T03:25:26.275884Z
1.0,STARTUP,Canix,22,https://www.canix.com/,Y Combinator,https://www.ycombinator.com/companies/canix,2026-09-06T03:25:26.302025Z
1.0,STARTUP,CandorIQ,4,https://www.candoriq.com/,Y Combinator,https://www.ycombinator.com/companies/candoriq,2026-09-06T03:25:26.338477Z
1.0,STARTUP,Canopi,,https://canopi.cash,Y Combinator,https://www.ycombinator.com/companies/canopi,2026-09-06T03:25:26.384342Z
1.0,STARTUP,Canopy Labs,11,http://canopylabs.com,Y Combinator,https://www.ycombinator.com/companies/canopy-labs,2026-09-06T03:25:26.420784Z
1.0,STARTUP,Canvas,3,https://www.canvas.inc/,Y Combinator,https://www.ycombinator.com/companies/canvas,2026-09-06T03:25:26.478349Z
1.0,STARTUP,Caper,15,https://www.caper.ai/,Y Combinator,https://www.ycombinator.com/companies/caper,2026-09-06T03:25:26.813263Z
1.0,STARTUP,Capi Money,40,https://www.capimoney.com,Y Combinator,https://www.ycombinator.com/companies/capi-money,2026-09-06T03:25:26.865443Z
1.0,STARTUP,Capacitive,2,https://capacitive.ai/,Y Combinator,https://www.ycombinator.com/companies/capacitive,2026-09-06T03:25:26.896295Z
1.0,STARTUP,Capitol AI,11,https://www.capitol.ai/,Y Combinator,https://www.ycombinator.com/companies/capitol-ai,2026-09-06T03:25:27.044135Z
1.0,STARTUP,Capix,5,http://capix.ai/,Y Combinator,https://www.ycombinator.com/companies/capix,2026-09-06T03:25:27.079614Z
1.0,STARTUP,CAPSULE,4,https://www.shopcapsule.ai/,Y Combinator,https://www.ycombinator.com/companies/capsule,2026-09-06T03:25:27.164668Z
1.0,STARTUP,Capuchin,5,https://capuchin.ai/,Y Combinator,https://www.ycombinator.com/companies/capuchin,2026-09-06T03:25:27.205830Z
1.0,STARTUP,Capture,4,https://capture.so,Y Combinator,https://www.ycombinator.com/companies/capture,2026-09-06T03:25:27.233325Z
1.0,STARTUP,CaptivateIQ,280,https://www.captivateiq.com,Y Combinator,https://www.ycombinator.com/companies/captivateiq,2026-09-06T03:25:27.258090Z
1.0,STARTUP,Captain,2,https://captain.dev,Y Combinator,https://www.ycombinator.com/companies/captain,2026-09-06T03:25:27.366860Z
1.0,STARTUP,Capveon,2,https://capveon.ai,Y Combinator,https://www.ycombinator.com/companies/capveon,2026-09-06T03:25:27.636712Z
1.0,STARTUP,CapWay,9,http://www.CapWay.com,Y Combinator,https://www.ycombinator.com/companies/capway,2026-09-06T03:25:27.755662Z
1.0,STARTUP,Capy,6,https://capy.ai,Y Combinator,https://www.ycombinator.com/companies/capy,2026-09-06T03:25:27.842109Z
1.0,STARTUP,Carbon-12 Labs,,https://www.carbon.money,Y Combinator,https://www.ycombinator.com/companies/carbon-12-labs,2026-09-06T03:25:28.415427Z
1.0,STARTUP,Carbon Crusher,21,https://www.carboncrusher.io/,Y Combinator,https://www.ycombinator.com/companies/carbon-crusher,2026-09-06T03:25:28.487763Z
1.0,STARTUP,CarDash,12,https://www.repairsmith.com,Y Combinator,https://www.ycombinator.com/companies/cardash,2026-09-06T03:25:28.573556Z
1.0,STARTUP,Cardamon,11,https://cardamon.ai/,Y Combinator,https://www.ycombinator.com/companies/cardamon,2026-09-06T03:25:28.625597Z
1.0,STARTUP,CarbonChain,16,https://carbonchain.com,Y Combinator,https://www.ycombinator.com/companies/carbonchain,2026-09-06T03:25:28.655766Z
1.0,STARTUP,Cardda,5,https://cardda.com,Y Combinator,https://www.ycombinator.com/companies/cardda,2026-09-06T03:25:28.682579Z
1.0,STARTUP,Cardboard,8,https://cardboard.ai,Y Combinator,https://www.ycombinator.com/companies/cardboard,2026-09-06T03:25:28.712918Z
1.0,STARTUP,Cardinal,3,http://cardinalapp.io,Y Combinator,https://www.ycombinator.com/companies/cardinal,2026-09-06T03:25:28.740119Z
1.0,STARTUP,Carbic,8,http://carbic.com,Y Combinator,https://www.ycombinator.com/companies/carbic,2026-09-06T03:25:29.111685Z
1.0,STARTUP,Carbonfact,22,http://www.carbonfact.com,Y Combinator,https://www.ycombinator.com/companies/carbonfact,2026-09-06T03:25:29.182694Z
1.0,STARTUP,Cardinal Gray,6,https://www.cardinalgray.com/,Y Combinator,https://www.ycombinator.com/companies/cardinal-gray,2026-09-06T03:25:29.350148Z
1.0,STARTUP,Cardpool,251,http://cardpool.com,Y Combinator,https://www.ycombinator.com/companies/cardpool,2026-09-06T03:25:29.376628Z
1.0,STARTUP,CareerTu,15,https://careertu.com/,Y Combinator,https://www.ycombinator.com/companies/careertu,2026-09-06T03:25:29.401419Z
1.0,STARTUP,careCycle,5,https://calendly.com/carecycle/30min,Y Combinator,https://www.ycombinator.com/companies/carecycle,2026-09-06T03:25:29.431347Z
1.0,STARTUP,Careerist,100,http://careerist.cc/,Y Combinator,https://www.ycombinator.com/companies/careerist,2026-09-06T03:25:29.459236Z
1.0,STARTUP,Care GP,10,https://caregp.com.au/,Y Combinator,https://www.ycombinator.com/companies/care-gp,2026-09-06T03:25:29.485012Z
1.0,STARTUP,Care Weather,2,https://www.careweather.com,Y Combinator,https://www.ycombinator.com/companies/care-weather,2026-09-06T03:25:29.522847Z
1.0,STARTUP,Careforce,9,https://careforce.ai/,Y Combinator,https://www.ycombinator.com/companies/careforce,2026-09-06T03:25:29.876224Z
1.0,STARTUP,CareLedger,,http://careledger.com,Y Combinator,https://www.ycombinator.com/companies/careledger,2026-09-06T03:25:29.948410Z
1.0,STARTUP,CareMessage,45,http://caremessage.org,Y Combinator,https://www.ycombinator.com/companies/caremessage,2026-09-06T03:25:29.975753Z
1.0,STARTUP,CareRev,275,https://www.carerev.com,Y Combinator,https://www.ycombinator.com/companies/carerev,2026-09-06T03:25:29.999153Z
1.0,STARTUP,CareOasis,2,https://www.thecareoasis.com,Y Combinator,https://www.ycombinator.com/companies/careoasis,2026-09-06T03:25:30.023972Z
1.0,STARTUP,Cargo,5,https://getcargo.io,Y Combinator,https://www.ycombinator.com/companies/cargo,2026-09-06T03:25:30.155554Z
1.0,STARTUP,Carlypso,11,http://carlypso.com,Y Combinator,https://www.ycombinator.com/companies/carlypso,2026-09-06T03:25:30.178747Z
1.0,STARTUP,CareSwift,2,https://www.careswift.com/,Y Combinator,https://www.ycombinator.com/companies/careswift,2026-09-06T03:25:30.215340Z
1.0,STARTUP,Caribou,10,https://usecaribou.com,Y Combinator,https://www.ycombinator.com/companies/caribou,2026-09-06T03:25:30.241072Z
1.0,STARTUP,Caretta,4,https://www.caretta.so,Y Combinator,https://www.ycombinator.com/companies/caretta,2026-09-06T03:25:30.269432Z
1.0,STARTUP,Carma,15,https://www.joincarma.com/,Y Combinator,https://www.ycombinator.com/companies/carma,2026-09-06T03:25:30.689259Z
1.0,STARTUP,Carrot Fertility,,https://www.get-carrot.com/,Y Combinator,https://www.ycombinator.com/companies/carrot-fertility,2026-09-06T03:25:30.723053Z
1.0,STARTUP,Carousel Technologies,4,https://usecarousel.com,Y Combinator,https://www.ycombinator.com/companies/carousel-technologies,2026-09-06T03:25:30.757282Z
1.0,STARTUP,Carrot Labs,2,https://superpenguin.ai/,Y Combinator,https://www.ycombinator.com/companies/carrot-labs,2026-09-06T03:25:30.785760Z
1.0,STARTUP,Carsabi,2,http://carsabi.com,Y Combinator,https://www.ycombinator.com/companies/carsabi,2026-09-06T03:25:30.815710Z
1.0,STARTUP,Cartcam,1,https://www.cartcam.com,Y Combinator,https://www.ycombinator.com/companies/cartcam,2026-09-06T03:25:30.947047Z
1.0,STARTUP,CarSignal,2,https://youtu.be/uXUU006Smeo,Y Combinator,https://www.ycombinator.com/companies/carsignal,2026-09-06T03:25:30.975524Z
1.0,STARTUP,Cartpanda,60,https://cartpanda.com/,Y Combinator,https://www.ycombinator.com/companies/cartpanda,2026-09-06T03:25:30.997546Z
1.0,STARTUP,Cartpole,2,https://cartpole.com,Y Combinator,https://www.ycombinator.com/companies/cartpole,2026-09-06T03:25:31.022283Z
1.0,STARTUP,Cartage,12,https://cartage.ai,Y Combinator,https://www.ycombinator.com/companies/cartage,2026-09-06T03:25:31.053582Z
1.0,STARTUP,CarWoo,11,http://carwoo.com,Y Combinator,https://www.ycombinator.com/companies/carwoo,2026-09-06T03:25:31.489891Z
1.0,STARTUP,CARUPI,50,https://www.carupi.com/,Y Combinator,https://www.ycombinator.com/companies/carupi,2026-09-06T03:25:31.558734Z
1.0,STARTUP,Casca,40,https://www.cascading.ai/,Y Combinator,https://www.ycombinator.com/companies/casca,2026-09-06T03:25:31.624135Z
1.0,STARTUP,Cascade,2,https://runcascade.com/,Y Combinator,https://www.ycombinator.com/companies/cascade,2026-09-06T03:25:31.731737Z
1.0,STARTUP,Cash Flow Portal,19,https://www.cashflowportal.com/,Y Combinator,https://www.ycombinator.com/companies/cash-flow-portal,2026-09-06T03:25:31.878702Z
1.0,STARTUP,Casetext,50,http://casetext.com,Y Combinator,https://www.ycombinator.com/companies/casetext,2026-09-06T03:25:31.945341Z
1.0,STARTUP,Caseflood.ai,2,https://caseflood.ai,Y Combinator,https://www.ycombinator.com/companies/caseflood-ai,2026-09-06T03:25:32.006524Z
1.0,STARTUP,Cascade Space,7,https://cascadespace.com,Y Combinator,https://www.ycombinator.com/companies/cascade-space,2026-09-06T03:25:32.040162Z
1.0,STARTUP,Casey,5,https://caseyinsure.com/,Y Combinator,https://www.ycombinator.com/companies/casey,2026-09-06T03:25:32.128185Z
1.0,STARTUP,Casco,10,https://casco.com,Y Combinator,https://www.ycombinator.com/companies/casco,2026-09-06T03:25:32.176289Z
1.0,STARTUP,Cashboard,6,https://www.cashboard.co,Y Combinator,https://www.ycombinator.com/companies/cashboard,2026-09-06T03:25:32.498398Z
1.0,STARTUP,CashBook,4,https://cashbook.in,Y Combinator,https://www.ycombinator.com/companies/cashbook,2026-09-06T03:25:32.592948Z
1.0,STARTUP,Cashfree Payments,200,https://www.cashfree.com/,Y Combinator,https://www.ycombinator.com/companies/cashfree-payments,2026-09-06T03:25:32.635916Z
1.0,STARTUP,Castle,11,http://entercastle.com,Y Combinator,https://www.ycombinator.com/companies/castle,2026-09-06T03:25:33.225066Z
1.0,STARTUP,Catch,18,http://www.catch.co,Y Combinator,https://www.ycombinator.com/companies/catch,2026-09-06T03:25:33.395889Z
1.0,STARTUP,Catamaran,5,https://www.insurtechinsights.com/catx-raises-us2-7-million-to-bring-more-alternative-capital-into-the-insurance-sector/,Y Combinator,https://www.ycombinator.com/companies/catamaran,2026-09-06T03:25:33.452626Z
1.0,STARTUP,Caucus,3,https://www.usecaucus.com/,Y Combinator,https://www.ycombinator.com/companies/caucus,2026-09-06T03:25:33.510569Z
1.0,STARTUP,Cashmere,3,https://cashmere.finance/,Y Combinator,https://www.ycombinator.com/companies/cashmere,2026-09-06T03:25:33.542725Z
1.0,STARTUP,Castia,50,https://www.castia.com,Y Combinator,https://www.ycombinator.com/companies/castia,2026-09-06T03:25:33.569474Z
1.0,STARTUP,Catena Biosciences,7,https://www.catenabiosciences.com/,Y Combinator,https://www.ycombinator.com/companies/catena-biosciences,2026-09-06T03:25:34.953550Z
1.0,STARTUP,Castled.io,8,https://castled.io/,Y Combinator,https://www.ycombinator.com/companies/castled-io,2026-09-06T03:25:35.005683Z
1.0,STARTUP,CatchBack Cards,7,https://catchbackcards.com,Y Combinator,https://www.ycombinator.com/companies/catchback-cards,2026-09-06T03:25:35.038870Z
1.0,STARTUP,Caution,5,https://caution.co,Y Combinator,https://www.ycombinator.com/companies/caution,2026-09-06T03:25:35.260969Z
1.0,STARTUP,Cedana,5,https://cedana.ai,Y Combinator,https://www.ycombinator.com/companies/cedana,2026-09-06T03:25:35.321477Z
1.0,STARTUP,CB Therapeutics,18,http://www.cbthera.com,Y Combinator,https://www.ycombinator.com/companies/cb-therapeutics,2026-09-06T03:25:35.348882Z
1.0,STARTUP,Cedar,2,https://mail.cedarcopilot.com/,Y Combinator,https://www.ycombinator.com/companies/cedar,2026-09-06T03:25:35.379102Z
1.0,STARTUP,Cekura,15,https://www.cekura.ai/,Y Combinator,https://www.ycombinator.com/companies/cekura-ai,2026-09-06T03:25:35.410644Z
1.0,STARTUP,Cedalio,6,https://cedalio.com/,Y Combinator,https://www.ycombinator.com/companies/cedalio,2026-09-06T03:25:35.440508Z
1.0,STARTUP,Caviar,51,http://trycaviar.com,Y Combinator,https://www.ycombinator.com/companies/caviar,2026-09-06T03:25:35.467584Z
1.0,STARTUP,Celest,1,https://celest.dev,Y Combinator,https://www.ycombinator.com/companies/celest,2026-09-06T03:25:35.856093Z
1.0,STARTUP,Celery,11,https://trycelery.com,Y Combinator,https://www.ycombinator.com/companies/celery,2026-09-06T03:25:35.917852Z
1.0,STARTUP,Cellbyte,3,https://www.cellbyte.com/,Y Combinator,https://www.ycombinator.com/companies/cellbyte,2026-09-06T03:25:35.964160Z
1.0,STARTUP,Cembla,2,https://cembla.com,Y Combinator,https://www.ycombinator.com/companies/cembla,2026-09-06T03:25:36.225136Z
1.0,STARTUP,Cenote,2,https://www.joincenote.com/,Y Combinator,https://www.ycombinator.com/companies/cenote,2026-09-06T03:25:36.272207Z
1.0,STARTUP,Centaur,45,https://centaur.ai/,Y Combinator,https://www.ycombinator.com/companies/centaur,2026-09-06T03:25:36.303834Z
1.0,STARTUP,CellType,2,https://www.celltype.com,Y Combinator,https://www.ycombinator.com/companies/celltype,2026-09-06T03:25:36.338162Z
1.0,STARTUP,Centauri AI,5,https://centauri-ai.tech,Y Combinator,https://www.ycombinator.com/companies/centauri-ai,2026-09-06T03:25:36.383637Z
1.0,STARTUP,CellChorus,4,https://cellchorus.com,Y Combinator,https://www.ycombinator.com/companies/cellchorus,2026-09-06T03:25:36.433786Z
1.0,STARTUP,Central,15,https://centralhq.com,Y Combinator,https://www.ycombinator.com/companies/central,2026-09-06T03:25:36.470015Z
1.0,STARTUP,Cercli,28,https://www.cercli.com/?utm_source=launchyc&utm_medium=yc,Y Combinator,https://www.ycombinator.com/companies/cercli,2026-09-06T03:25:36.923324Z
1.0,STARTUP,CentralComs,2,https://centralcoms.com,Y Combinator,https://www.ycombinator.com/companies/centralcoms,2026-09-06T03:25:36.979484Z
1.0,STARTUP,Centralize,9,https://www.usecentralize.com/,Y Combinator,https://www.ycombinator.com/companies/centralize,2026-09-06T03:25:37.033445Z
1.0,STARTUP,Cerebrium,4,https://www.cerebrium.ai/,Y Combinator,https://www.ycombinator.com/companies/cerebrium,2026-09-06T03:25:37.133808Z
1.0,STARTUP,Cerenovus,5,https://www.cerenovus.ai/,Y Combinator,https://www.ycombinator.com/companies/cerenovus,2026-09-06T03:25:37.164072Z
1.0,STARTUP,Cero,10,https://cero.ai,Y Combinator,https://www.ycombinator.com/companies/cero,2026-09-06T03:25:37.197501Z
1.0,STARTUP,Cerulion,2,https://www.cerulion.com,Y Combinator,https://www.ycombinator.com/companies/cerulion,2026-09-06T03:25:37.337336Z
1.0,STARTUP,Certus AI,8,https://www.certus-ai.com/,Y Combinator,https://www.ycombinator.com/companies/certus-ai,2026-09-06T03:25:37.401271Z
1.0,STARTUP,Certainly Health,2,https://certainlyhealth.com,Y Combinator,https://www.ycombinator.com/companies/certainly-health,2026-09-06T03:25:37.460874Z
1.0,STARTUP,Cerrion,16,https://www.cerrion.com/,Y Combinator,https://www.ycombinator.com/companies/cerrion,2026-09-06T03:25:37.703963Z
1.0,STARTUP,Chaldal,2886,http://chaldal.com,Y Combinator,https://www.ycombinator.com/companies/chaldal,2026-09-06T03:25:37.986199Z
1.0,STARTUP,Champ,1,https://mocke.co/,Y Combinator,https://www.ycombinator.com/companies/champ,2026-09-06T03:25:38.032441Z
1.0,STARTUP,Chamber,4,https://www.usechamber.io,Y Combinator,https://www.ycombinator.com/companies/chamber,2026-09-06T03:25:38.092502Z
1.0,STARTUP,Chaos Genius,10,http://www.chaosgenius.io,Y Combinator,https://www.ycombinator.com/companies/chaos-genius,2026-09-06T03:25:38.171393Z
1.0,STARTUP,Channel3,5,https://trychannel3.com/blog/channel3-raises-6m,Y Combinator,https://www.ycombinator.com/companies/channel3,2026-09-06T03:25:38.216460Z
1.0,STARTUP,Char,2,https://char.com,Y Combinator,https://www.ycombinator.com/companies/char,2026-09-06T03:25:38.267800Z
1.0,STARTUP,Charge Running,3,http://www.chargerunning.com,Y Combinator,https://www.ycombinator.com/companies/charge-running,2026-09-06T03:25:38.544957Z
1.0,STARTUP,Chargehound,13,https://www.chargehound.com,Y Combinator,https://www.ycombinator.com/companies/chargehound,2026-09-06T03:25:38.688246Z
1.0,STARTUP,Charge Robotics,25,https://chargerobotics.com/,Y Combinator,https://www.ycombinator.com/companies/charge-robotics,2026-09-06T03:25:38.745350Z
1.0,STARTUP,CharacterQuilt,4,https://characterquilt.com,Y Combinator,https://www.ycombinator.com/companies/characterquilt,2026-09-06T03:25:38.796681Z
1.0,STARTUP,Chariot,501,http://chariot.com,Y Combinator,https://www.ycombinator.com/companies/chariot,2026-09-06T03:25:39.040107Z
1.0,STARTUP,Chari,100,https://chari.com,Y Combinator,https://www.ycombinator.com/companies/chari,2026-09-06T03:25:39.075320Z
1.0,STARTUP,Chartio,40,https://chartio.com,Y Combinator,https://www.ycombinator.com/companies/chartio,2026-09-06T03:25:39.787496Z
1.0,STARTUP,Charityvest,9,https://www.charityvest.org,Y Combinator,https://www.ycombinator.com/companies/charityvest,2026-09-06T03:25:39.939414Z
1.0,STARTUP,Chatwoot,12,https://www.chatwoot.com,Y Combinator,https://www.ycombinator.com/companies/chatwoot,2026-09-06T03:25:39.975247Z
1.0,STARTUP,Chasi,2,https://chasi.ai/,Y Combinator,https://www.ycombinator.com/companies/chasi,2026-09-06T03:25:40.025074Z
1.0,STARTUP,Chaser,2,,Y Combinator,https://www.ycombinator.com/companies/chaser,2026-09-06T03:25:40.054734Z
1.0,STARTUP,Chatfuel,53,http://chatfuel.com,Y Combinator,https://www.ycombinator.com/companies/chatfuel,2026-09-06T03:25:40.104701Z
1.0,STARTUP,Checkars,45,https://www.checkars.com,Y Combinator,https://www.ycombinator.com/companies/checkars,2026-09-06T03:25:40.143197Z
1.0,STARTUP,Chatter,2,https://chatter.anish.xyz,Y Combinator,https://www.ycombinator.com/companies/chatter,2026-09-06T03:25:40.173952Z
1.0,STARTUP,Hubla,86,https://hub.la,Y Combinator,https://www.ycombinator.com/companies/chatpay,2026-09-06T03:25:40.200046Z
1.0,STARTUP,Chart,3,https://trychart.com,Y Combinator,https://www.ycombinator.com/companies/chart,2026-09-06T03:25:40.596625Z
1.0,STARTUP,Checkr,800,http://www.checkr.com,Y Combinator,https://www.ycombinator.com/companies/checkr,2026-09-06T03:25:40.720998Z
1.0,STARTUP,Cheddar,2,http://cheddar.io,Y Combinator,https://www.ycombinator.com/companies/cheddar,2026-09-06T03:25:40.746270Z
1.0,STARTUP,Cheers,2,https://www.cheers.tech,Y Combinator,https://www.ycombinator.com/companies/cheers,2026-09-06T03:25:40.776587Z
1.0,STARTUP,Cheetah,2,http://gocheetah.com,Y Combinator,https://www.ycombinator.com/companies/cheetah,2026-09-06T03:25:40.812103Z
1.0,STARTUP,Cheqout,6,https://cheqout.com,Y Combinator,https://www.ycombinator.com/companies/cheqout,2026-09-06T03:25:41.014937Z
1.0,STARTUP,CheqUPI,15,https://www.cheq.money,Y Combinator,https://www.ycombinator.com/companies/chequpi,2026-09-06T03:25:41.072196Z
1.0,STARTUP,Cherry,2,http://www.startcherry.com,Y Combinator,https://www.ycombinator.com/companies/cherry,2026-09-06T03:25:41.191171Z
1.0,STARTUP,Chert,2,https://cal.com/team/chert/chert-call,Y Combinator,https://www.ycombinator.com/companies/chert,2026-09-06T03:25:41.252362Z
1.0,STARTUP,Cherry Recommends,6,https://cherry.ai/,Y Combinator,https://www.ycombinator.com/companies/cherry-recommends,2026-09-06T03:25:41.384857Z
1.0,STARTUP,Chipax,37,https://www.chipax.com,Y Combinator,https://www.ycombinator.com/companies/chipax,2026-09-06T03:25:41.593757Z
1.0,STARTUP,Chillabit,3,https://chillabit.io,Y Combinator,https://www.ycombinator.com/companies/chillabit,2026-09-06T03:25:41.653212Z
1.0,STARTUP,Chima,7,https://www.withchima.com/,Y Combinator,https://www.ycombinator.com/companies/chima,2026-09-06T03:25:41.692432Z
1.0,STARTUP,Chestnut,2,https://chestnutmortgage.com?utm_source=launch-yc&utm_medium=cta-link&utm_campaign=launch-yc,Y Combinator,https://www.ycombinator.com/companies/chestnut,2026-09-06T03:25:41.799497Z
1.0,STARTUP,Chiron,2,https://projectchiron.org,Y Combinator,https://www.ycombinator.com/companies/chiron,2026-09-06T03:25:41.853930Z
1.0,STARTUP,Chirply,2,http://chirply.com,Y Combinator,https://www.ycombinator.com/companies/chirply,2026-09-06T03:25:42.177002Z
1.0,STARTUP,Chorus Sleep,4,https://www.chorussleep.com/,Y Combinator,https://www.ycombinator.com/companies/chorus-sleep,2026-09-06T03:25:42.310665Z
1.0,STARTUP,Choppy!,2,http://www.eatchoppy.com,Y Combinator,https://www.ycombinator.com/companies/choppy,2026-09-06T03:25:42.458969Z
1.0,STARTUP,Chordio,4,https://chordio.com,Y Combinator,https://www.ycombinator.com/companies/chordio,2026-09-06T03:25:42.524317Z
1.0,STARTUP,Chronicle Labs,2,https://chronicle-labs.com,Y Combinator,https://www.ycombinator.com/companies/chronicle-labs,2026-09-06T03:25:42.580269Z
1.0,STARTUP,Chow Central Inc,,https://chowcentral.com,Y Combinator,https://www.ycombinator.com/companies/chow-central-inc,2026-09-06T03:25:42.737147Z
1.0,STARTUP,Chromie,2,https://chromie.dev,Y Combinator,https://www.ycombinator.com/companies/chromie,2026-09-06T03:25:42.764160Z
1.0,STARTUP,Chowdeck,103,https://chowdeck.com,Y Combinator,https://www.ycombinator.com/companies/chowdeck,2026-09-06T03:25:42.807102Z
1.0,STARTUP,chrt,5,https://chrt.com,Y Combinator,https://www.ycombinator.com/companies/chrt,2026-09-06T03:25:42.985357Z
1.0,STARTUP,Chute,11,http://getchute.com,Y Combinator,https://www.ycombinator.com/companies/chute,2026-09-06T03:25:43.011010Z
1.0,STARTUP,Chutney Inc,5,,Y Combinator,https://www.ycombinator.com/companies/chutney-inc,2026-09-06T03:25:43.230404Z
1.0,STARTUP,Cifrato,17,https://cifrato.ai,Y Combinator,https://www.ycombinator.com/companies/cifrato,2026-09-06T03:25:43.460110Z
1.0,STARTUP,Cignara,4,https://cignara.com/,Y Combinator,https://www.ycombinator.com/companies/cignara,2026-09-06T03:25:43.488452Z
1.0,STARTUP,Cinapse,2,https://cinapse.io,Y Combinator,https://www.ycombinator.com/companies/cinapse,2026-09-06T03:25:43.513110Z
1.0,STARTUP,Cinder,30,https://cinder.ai,Y Combinator,https://www.ycombinator.com/companies/cinder-2,2026-09-06T03:25:43.540983Z
1.0,STARTUP,Circle Medical,235,https://circlemedical.com,Y Combinator,https://www.ycombinator.com/companies/circle-medical,2026-09-06T03:25:43.566897Z
1.0,STARTUP,Circa,21,http://www.circa.co,Y Combinator,https://www.ycombinator.com/companies/circa,2026-09-06T03:25:43.735763Z
1.0,STARTUP,Circleback,8,https://circleback.ai,Y Combinator,https://www.ycombinator.com/companies/circleback,2026-09-06T03:25:43.792409Z
1.0,STARTUP,CircuitHub,58,https://circuithub.com,Y Combinator,https://www.ycombinator.com/companies/circuithub,2026-09-06T03:25:44.072170Z
1.0,STARTUP,CircuitLab,2,https://www.circuitlab.com/,Y Combinator,https://www.ycombinator.com/companies/circuitlab,2026-09-06T03:25:44.124475Z
1.0,STARTUP,Circular,25,https://www.nowcircular.com,Y Combinator,https://www.ycombinator.com/companies/circular,2026-09-06T03:25:44.157423Z
1.0,STARTUP,Circumvent,6,https://www.circumventpharmaceuticals.com/,Y Combinator,https://www.ycombinator.com/companies/circumvent,2026-09-06T03:25:44.182515Z
1.0,STARTUP,Cisterna Biologics,2,http://www.cisternabx.com,Y Combinator,https://www.ycombinator.com/companies/cisterna-biologics,2026-09-06T03:25:44.328027Z
1.0,STARTUP,Ciro,5,https://www.ciro.io/,Y Combinator,https://www.ycombinator.com/companies/ciro,2026-09-06T03:25:44.520218Z
1.0,STARTUP,Citus Data,45,http://citusdata.com,Y Combinator,https://www.ycombinator.com/companies/citus-data,2026-09-06T03:25:44.572639Z
1.0,STARTUP,Cityfurnish,90,https://cityfurnish.com/,Y Combinator,https://www.ycombinator.com/companies/cityfurnish,2026-09-06T03:25:44.612498Z
1.0,STARTUP,Clarm,2,https://www.clarm.com,Y Combinator,https://www.ycombinator.com/companies/clarm,2026-09-06T03:25:45.425846Z
1.0,STARTUP,Clara Labs,20,http://claralabs.com,Y Combinator,https://www.ycombinator.com/companies/clara-labs,2026-09-06T03:25:45.566460Z
1.0,STARTUP,Claim Health,6,https://www.claimhealth.com,Y Combinator,https://www.ycombinator.com/companies/claim-health,2026-09-06T03:25:45.609049Z
1.0,STARTUP,Claimspotting,,http://urbantakeover.at,Y Combinator,https://www.ycombinator.com/companies/claimspotting,2026-09-06T03:25:45.644638Z
1.0,STARTUP,ClaimGlide,1,https://claimglide.com/,Y Combinator,https://www.ycombinator.com/companies/claimglide,2026-09-06T03:25:45.701210Z
1.0,STARTUP,Clara,9,http://askclara.com,Y Combinator,https://www.ycombinator.com/companies/clara-2,2026-09-06T03:25:45.755571Z
1.0,STARTUP,Clad Labs,2,https://useclad.ai,Y Combinator,https://www.ycombinator.com/companies/clad-labs,2026-09-06T03:25:45.797007Z
1.0,STARTUP,ClaimSorted,20,https://claimsorted.com,Y Combinator,https://www.ycombinator.com/companies/claimsorted,2026-09-06T03:25:45.828816Z
1.0,STARTUP,Clad,7,https://www.withclad.com/locates/overview,Y Combinator,https://www.ycombinator.com/companies/clad,2026-09-06T03:25:45.862805Z
1.0,STARTUP,Clarion,16,https://clarionhealth.com,Y Combinator,https://www.ycombinator.com/companies/clarion,2026-09-06T03:25:45.894708Z
1.0,STARTUP,Clarum,2,https://clarum.ai,Y Combinator,https://www.ycombinator.com/companies/clarum,2026-09-06T03:25:46.412113Z
1.0,STARTUP,Clarus,2,https://www.clarus.finance,Y Combinator,https://www.ycombinator.com/companies/clarus,2026-09-06T03:25:46.518250Z
1.0,STARTUP,Clawvisor,1,https://clawvisor.com,Y Combinator,https://www.ycombinator.com/companies/clawvisor,2026-09-06T03:25:46.546031Z
1.0,STARTUP,Clay,5,https://clay3d.io,Y Combinator,https://www.ycombinator.com/companies/clay,2026-09-06T03:25:46.568170Z
1.0,STARTUP,ClassDojo,100,http://www.classdojo.com,Y Combinator,https://www.ycombinator.com/companies/classdojo,2026-09-06T03:25:46.592853Z
1.0,STARTUP,Clau,90,https://clau.com,Y Combinator,https://www.ycombinator.com/companies/clau,2026-09-06T03:25:46.616677Z
1.0,STARTUP,Clear,2,https://getclearapp.com/,Y Combinator,https://www.ycombinator.com/companies/clear,2026-09-06T03:25:46.928664Z
1.0,STARTUP,Clayboard,4,http://clayboard.com,Y Combinator,https://www.ycombinator.com/companies/clayboard,2026-09-06T03:25:46.958956Z
1.0,STARTUP,Cleanly,40,https://cleanly.com,Y Combinator,https://www.ycombinator.com/companies/cleanly,2026-09-06T03:25:46.984679Z
1.0,STARTUP,Clear Gene,4,https://cleargene.com,Y Combinator,https://www.ycombinator.com/companies/clear-gene,2026-09-06T03:25:47.006231Z
1.0,STARTUP,Clear Genetics,8,https://cleargenetics.com/,Y Combinator,https://www.ycombinator.com/companies/clear-genetics,2026-09-06T03:25:47.253911Z
1.0,STARTUP,Clearest Health,11,https://clearesthealth.com/,Y Combinator,https://www.ycombinator.com/companies/clearest-health,2026-09-06T03:25:47.282770Z
1.0,STARTUP,Clearly AI,17,https://clearly-ai.com,Y Combinator,https://www.ycombinator.com/companies/clearly-ai,2026-09-06T03:25:47.312745Z
1.0,STARTUP,ClearMix,7,https://clearmix.com,Y Combinator,https://www.ycombinator.com/companies/clearmix,2026-09-06T03:25:47.348000Z
1.0,STARTUP,ClearBrain,10,https://clearbrain.com/,Y Combinator,https://www.ycombinator.com/companies/clearbrain,2026-09-06T03:25:47.412017Z
1.0,STARTUP,Clearline,5,https://useclearline.com,Y Combinator,https://www.ycombinator.com/companies/clearline,2026-09-06T03:25:47.454577Z
1.0,STARTUP,Clearspace,7,https://clearspace.org,Y Combinator,https://www.ycombinator.com/companies/clearspace,2026-09-06T03:25:47.839908Z
1.0,STARTUP,Clerked,3,https://clerked.ai,Y Combinator,https://www.ycombinator.com/companies/clerked,2026-09-06T03:25:47.919393Z
1.0,STARTUP,Clerky,35,https://www.clerky.com,Y Combinator,https://www.ycombinator.com/companies/clerky,2026-09-06T03:25:47.964343Z
1.0,STARTUP,CleverDeck,1,http://cleverdeck.com,Y Combinator,https://www.ycombinator.com/companies/cleverdeck,2026-09-06T03:25:48.150268Z
1.0,STARTUP,Clever,210,https://clever.com,Y Combinator,https://www.ycombinator.com/companies/clever,2026-09-06T03:25:48.183811Z
1.0,STARTUP,Cleva,30,https://www.getcleva.com,Y Combinator,https://www.ycombinator.com/companies/cleva,2026-09-06T03:25:48.213804Z
1.0,STARTUP,Click,1,https://www.useclick.ai,Y Combinator,https://www.ycombinator.com/companies/click,2026-09-06T03:25:48.435933Z
1.0,STARTUP,Clew,2,https://clew.ai/,Y Combinator,https://www.ycombinator.com/companies/clew,2026-09-06T03:25:48.477728Z
1.0,STARTUP,Clickfacts,11,http://clickfacts.com,Y Combinator,https://www.ycombinator.com/companies/clickfacts,2026-09-06T03:25:48.504492Z
1.0,STARTUP,clicOH,155,http://clicoh.com/,Y Combinator,https://www.ycombinator.com/companies/clicoh,2026-09-06T03:25:48.737683Z
1.0,STARTUP,Clickpass,11,http://clickpass.com,Y Combinator,https://www.ycombinator.com/companies/clickpass,2026-09-06T03:25:48.777409Z
1.0,STARTUP,Clicks Health,8,https://www.goclicks.ai/,Y Combinator,https://www.ycombinator.com/companies/clicks-health,2026-09-06T03:25:48.820609Z
1.0,STARTUP,ClickPe,2,https://clickpe.ai/,Y Combinator,https://www.ycombinator.com/companies/clickpe,2026-09-06T03:25:48.857606Z
1.0,STARTUP,Clip Health,10,http://www.cliphealth.com,Y Combinator,https://www.ycombinator.com/companies/clip-health,2026-09-06T03:25:49.117743Z
1.0,STARTUP,Clidey,5,https://clidey.com,Y Combinator,https://www.ycombinator.com/companies/clidey,2026-09-06T03:25:49.161580Z
1.0,STARTUP,Clinikally,125,https://www.clinikally.com/,Y Combinator,https://www.ycombinator.com/companies/clinikally,2026-09-06T03:25:49.226612Z
1.0,STARTUP,ClipDrop,5,https://clipdrop.co,Y Combinator,https://www.ycombinator.com/companies/clipdrop,2026-09-06T03:25:49.273902Z
1.0,STARTUP,CLODO,2,https://clodo.ai,Y Combinator,https://www.ycombinator.com/companies/clodo,2026-09-06T03:25:49.303988Z
1.0,STARTUP,Close,120,https://close.com,Y Combinator,https://www.ycombinator.com/companies/close,2026-09-06T03:25:49.561307Z
1.0,STARTUP,Clipboard,1000,https://www.clipboardworks.com/careers,Y Combinator,https://www.ycombinator.com/companies/clipboard,2026-09-06T03:25:49.724757Z
1.0,STARTUP,Closer Sports,2,https://closersports.com,Y Combinator,https://www.ycombinator.com/companies/closer-sports,2026-09-06T03:25:49.764473Z
1.0,STARTUP,Closera,2,https://closera.com,Y Combinator,https://www.ycombinator.com/companies/closera,2026-09-06T03:25:49.835707Z
1.0,STARTUP,Closure,11,https://closure-intel.com/,Y Combinator,https://www.ycombinator.com/companies/closure,2026-09-06T03:25:49.891530Z
